postcode_district,region,practice_count,total_eligible,total_vaccinated,coverage
W1K,NHS North West London ICB,1,7,2,28.6
WC1E,NHS North Central London ICB,1,7,3,42.9
M15,NHS Greater Manchester ICB,2,59,27,45.8
BS2,"NHS Bristol, North Somerset and South Gloucestershire ICB",1,24,12,50.0
L1,NHS Cheshire and Merseyside ICB,1,10,5,50.0
SW5,NHS North West London ICB,3,29,15,51.7
M8,NHS Greater Manchester ICB,5,203,108,53.2
W10,NHS North West London ICB,8,87,48,55.2
B7,NHS Birmingham and Solihull ICB,2,40,23,57.5
BA10,NHS Somerset ICB,1,5,3,60.0
CM22,NHS Hertfordshire and West Essex ICB,1,10,6,60.0
W1T,NHS North Central London ICB,1,5,3,60.0
E5,NHS North East London ICB,6,122,74,60.7
N9,NHS North Central London ICB,9,365,224,61.4
TW8,NHS North West London ICB,3,65,40,61.5
W12,NHS North West London ICB,10,162,101,62.3
PL22,NHS Cornwall and the Isles of Scilly ICB,1,8,5,62.5
WC1N,NHS North Central London ICB,2,16,10,62.5
W14,NHS North West London ICB,4,59,37,62.7
B10,NHS Birmingham and Solihull ICB,7,154,97,63.0
B2,NHS Birmingham and Solihull ICB,1,11,7,63.6
B9,NHS Birmingham and Solihull ICB,3,94,60,63.8
B5,NHS Birmingham and Solihull ICB,1,25,16,64.0
L5,NHS Cheshire and Merseyside ICB,3,59,38,64.4
NW5,NHS North Central London ICB,5,133,86,64.7
N16,Multiple regions,11,402,263,65.4
SW9,NHS South East London ICB,8,127,84,66.1
N7,NHS North Central London ICB,6,116,77,66.4
HA9,NHS North West London ICB,10,257,171,66.5
B95,NHS Coventry and Warwickshire ICB,1,9,6,66.7
N17,NHS North Central London ICB,7,138,92,66.7
SW1X,NHS North West London ICB,1,12,8,66.7
WC2H,NHS North Central London ICB,1,6,4,66.7
BD9,NHS West Yorkshire ICB,2,73,49,67.1
N5,NHS North Central London ICB,2,25,17,68.0
L4,NHS Cheshire and Merseyside ICB,7,66,45,68.2
LS9,NHS West Yorkshire ICB,6,209,143,68.4
N18,NHS North Central London ICB,4,70,48,68.6
KT22,NHS Surrey Heartlands ICB,2,16,11,68.8
L28,NHS Cheshire and Merseyside ICB,1,16,11,68.8
BS1,"NHS Bristol, North Somerset and South Gloucestershire ICB",1,13,9,69.2
E1W,NHS North East London ICB,2,26,18,69.2
WC1X,NHS North Central London ICB,2,36,25,69.4
B18,NHS Birmingham and Solihull ICB,5,109,76,69.7
NG6,NHS Nottingham and Nottinghamshire ICB,4,99,69,69.7
DY14,"NHS Shropshire, Telford and Wrekin ICB",1,10,7,70.0
TF1,"NHS Shropshire, Telford and Wrekin ICB",1,20,14,70.0
W11,NHS North West London ICB,5,82,58,70.7
RM5,NHS North East London ICB,2,62,44,71.0
L6,NHS Cheshire and Merseyside ICB,8,142,101,71.1
NW8,Multiple regions,4,97,69,71.1
S4,NHS South Yorkshire ICB,2,45,32,71.1
BD11,NHS West Yorkshire ICB,1,7,5,71.4
SW1W,NHS North West London ICB,2,28,20,71.4
SY7,"NHS Shropshire, Telford and Wrekin ICB",1,7,5,71.4
TF7,"NHS Shropshire, Telford and Wrekin ICB",2,35,25,71.4
N15,NHS North Central London ICB,7,176,126,71.6
M4,NHS Greater Manchester ICB,2,32,23,71.9
TF11,"NHS Shropshire, Telford and Wrekin ICB",1,32,23,71.9
NW10,NHS North West London ICB,10,211,152,72.0
EN3,NHS North Central London ICB,3,84,61,72.6
B25,NHS Birmingham and Solihull ICB,2,33,24,72.7
M7,NHS Greater Manchester ICB,3,161,117,72.7
S3,NHS South Yorkshire ICB,5,92,67,72.8
HA8,Multiple regions,10,259,189,73.0
SE25,NHS South West London ICB,5,104,76,73.1
BD1,NHS West Yorkshire ICB,2,45,33,73.3
IG7,NHS North East London ICB,2,45,33,73.3
IG9,NHS Hertfordshire and West Essex ICB,3,45,33,73.3
PE26,NHS Cambridgeshire and Peterborough ICB,1,15,11,73.3
EN4,NHS North Central London ICB,3,68,50,73.5
NW2,Multiple regions,11,189,139,73.5
W8,NHS North West London ICB,3,53,39,73.6
EC1V,NHS North Central London ICB,1,19,14,73.7
L21,NHS Cheshire and Merseyside ICB,4,61,45,73.8
L8,NHS Cheshire and Merseyside ICB,5,103,76,73.8
BD4,NHS West Yorkshire ICB,3,88,65,73.9
TW14,NHS North West London ICB,6,92,68,73.9
HA3,NHS North West London ICB,10,223,165,74.0
B8,NHS Birmingham and Solihull ICB,13,286,212,74.1
IG6,NHS North East London ICB,3,58,43,74.1
RM10,NHS North East London ICB,7,185,137,74.1
L24,NHS Cheshire and Merseyside ICB,3,31,23,74.2
L13,NHS Cheshire and Merseyside ICB,5,78,58,74.4
SE16,NHS South East London ICB,4,98,73,74.5
BD21,NHS West Yorkshire ICB,1,75,56,74.7
NW1,Multiple regions,6,75,56,74.7
NW9,Multiple regions,10,223,167,74.9
BS6,"NHS Bristol, North Somerset and South Gloucestershire ICB",2,52,39,75.0
EX31,NHS Devon ICB,1,12,9,75.0
LS23,NHS West Yorkshire ICB,1,8,6,75.0
RM4,NHS Hertfordshire and West Essex ICB,1,8,6,75.0
SE2,NHS South East London ICB,3,72,54,75.0
SW1P,NHS North West London ICB,1,16,12,75.0
SW7,NHS North West London ICB,2,32,24,75.0
B19,NHS Birmingham and Solihull ICB,5,221,166,75.1
SE1,NHS South East London ICB,6,202,152,75.2
TW13,Multiple regions,7,105,79,75.2
LS7,NHS West Yorkshire ICB,5,126,95,75.4
M41,NHS Greater Manchester ICB,4,114,86,75.4
W9,NHS North West London ICB,4,53,40,75.5
N22,NHS North Central London ICB,7,156,118,75.6
B11,NHS Birmingham and Solihull ICB,8,185,140,75.7
E2,NHS North East London ICB,5,136,103,75.7
SW11,NHS South West London ICB,10,222,168,75.7
SW8,Multiple regions,4,74,56,75.7
TW19,NHS Surrey Heartlands ICB,1,37,28,75.7
W5,NHS North West London ICB,4,74,56,75.7
B16,NHS Birmingham and Solihull ICB,3,91,69,75.8
BH12,NHS Dorset ICB,2,33,25,75.8
EN7,NHS Hertfordshire and West Essex ICB,2,33,25,75.8
S9,NHS South Yorkshire ICB,3,62,47,75.8
N1,Multiple regions,12,253,192,75.9
CV1,NHS Coventry and Warwickshire ICB,9,159,121,76.1
N12,NHS North Central London ICB,3,67,51,76.1
EN6,NHS Hertfordshire and West Essex ICB,4,84,64,76.2
HX5,NHS West Yorkshire ICB,1,21,16,76.2
L12,NHS Cheshire and Merseyside ICB,3,42,32,76.2
RM6,NHS North East London ICB,5,122,93,76.2
HA6,NHS North West London ICB,4,59,45,76.3
HD5,NHS West Yorkshire ICB,4,59,45,76.3
B13,NHS Birmingham and Solihull ICB,4,89,68,76.4
L20,NHS Cheshire and Merseyside ICB,7,111,85,76.6
UB9,Multiple regions,2,47,36,76.6
B20,NHS Birmingham and Solihull ICB,2,43,33,76.7
EC1R,NHS North Central London ICB,2,30,23,76.7
LS13,NHS West Yorkshire ICB,3,86,66,76.7
SW10,NHS North West London ICB,2,30,23,76.7
W2,NHS North West London ICB,7,90,69,76.7
IG11,NHS North East London ICB,10,336,258,76.8
B42,NHS Birmingham and Solihull ICB,2,78,60,76.9
E15,NHS North East London ICB,6,156,120,76.9
LS12,NHS West Yorkshire ICB,5,134,103,76.9
SE23,NHS South East London ICB,3,156,120,76.9
TN28,NHS Kent and Medway ICB,2,26,20,76.9
E12,NHS North East London ICB,7,139,107,77.0
E9,NHS North East London ICB,7,126,97,77.0
E16,NHS North East London ICB,4,153,118,77.1
SE11,NHS South East London ICB,2,35,27,77.1
B33,NHS Birmingham and Solihull ICB,3,101,78,77.2
HA7,NHS North West London ICB,2,79,61,77.2
IG3,NHS North East London ICB,5,114,88,77.2
WV2,NHS Black Country ICB,2,127,98,77.2
B35,NHS Birmingham and Solihull ICB,2,44,34,77.3
HR9,NHS Herefordshire and Worcestershire ICB,2,44,34,77.3
M18,NHS Greater Manchester ICB,2,66,51,77.3
SE14,NHS South East London ICB,5,93,72,77.4
UB5,NHS North West London ICB,11,208,161,77.4
B12,NHS Birmingham and Solihull ICB,7,157,122,77.7
DT7,NHS Dorset ICB,1,9,7,77.8
IP26,NHS Norfolk and Waveney ICB,1,9,7,77.8
SE28,NHS South East London ICB,2,72,56,77.8
SE5,NHS South East London ICB,5,81,63,77.8
BR1,NHS South East London ICB,9,235,183,77.9
N19,NHS North Central London ICB,6,68,53,77.9
B68,NHS Black Country ICB,5,100,78,78.0
CT19,NHS Kent and Medway ICB,2,50,39,78.0
N3,NHS North Central London ICB,6,91,71,78.0
SE18,NHS South East London ICB,11,287,224,78.0
WD25,NHS Hertfordshire and West Essex ICB,2,50,39,78.0
B26,NHS Birmingham and Solihull ICB,7,105,82,78.1
E3,NHS North East London ICB,7,233,182,78.1
SW6,NHS North West London ICB,10,242,189,78.1
TW5,NHS North West London ICB,4,105,82,78.1
UB6,NHS North West London ICB,8,133,104,78.2
B24,NHS Birmingham and Solihull ICB,3,166,130,78.3
TW1,NHS South West London ICB,6,120,94,78.3
BD8,NHS West Yorkshire ICB,8,269,211,78.4
N4,Multiple regions,5,97,76,78.4
RM13,NHS North East London ICB,5,116,91,78.4
M9,NHS Greater Manchester ICB,9,131,103,78.6
PL27,NHS Cornwall and the Isles of Scilly ICB,1,14,11,78.6
B14,NHS Birmingham and Solihull ICB,6,127,100,78.7
OL8,NHS Greater Manchester ICB,5,127,100,78.7
CT17,NHS Kent and Medway ICB,1,19,15,78.9
L7,NHS Cheshire and Merseyside ICB,6,114,90,78.9
BD10,NHS West Yorkshire ICB,2,62,49,79.0
CR7,NHS South West London ICB,9,211,167,79.1
SW1V,NHS North West London ICB,2,43,34,79.1
CV6,NHS Coventry and Warwickshire ICB,13,365,289,79.2
E8,NHS North East London ICB,6,106,84,79.2
IG8,NHS North East London ICB,2,24,19,79.2
N20,NHS North Central London ICB,2,53,42,79.2
SE7,NHS South East London ICB,1,24,19,79.2
KT19,NHS Surrey Heartlands ICB,1,29,23,79.3
RM3,NHS North East London ICB,10,155,123,79.4
TQ9,NHS Devon ICB,2,34,27,79.4
B1,NHS Birmingham and Solihull ICB,1,39,31,79.5
BB11,NHS Lancashire and South Cumbria ICB,5,166,132,79.5
NG7,NHS Nottingham and Nottinghamshire ICB,9,185,147,79.5
SS8,NHS Mid and South Essex ICB,6,83,66,79.5
CR4,NHS South West London ICB,7,152,121,79.6
W4,NHS North West London ICB,8,142,113,79.6
W6,NHS North West London ICB,4,108,86,79.6
N10,NHS North Central London ICB,3,69,55,79.7
RM8,NHS North East London ICB,7,208,166,79.8
LS8,NHS West Yorkshire ICB,6,149,119,79.9
B23,NHS Birmingham and Solihull ICB,5,115,92,80.0
B28,NHS Birmingham and Solihull ICB,2,105,84,80.0
BH19,NHS Dorset ICB,1,10,8,80.0
CR3,NHS Surrey Heartlands ICB,1,25,20,80.0
DL11,NHS Humber and North Yorkshire ICB,1,5,4,80.0
HA5,NHS North West London ICB,4,105,84,80.0
IP5,NHS Suffolk and North East Essex ICB,1,5,4,80.0
L19,NHS Cheshire and Merseyside ICB,4,60,48,80.0
ME3,NHS Kent and Medway ICB,3,80,64,80.0
PE1,NHS Cambridgeshire and Peterborough ICB,6,305,244,80.0
PE31,NHS Norfolk and Waveney ICB,2,15,12,80.0
S32,NHS Derby and Derbyshire ICB,1,5,4,80.0
TA24,NHS Somerset ICB,1,20,16,80.0
TF13,"NHS Shropshire, Telford and Wrekin ICB",1,5,4,80.0
TN17,NHS Kent and Medway ICB,2,20,16,80.0
TN38,NHS Sussex ICB,3,25,20,80.0
WR4,NHS Herefordshire and Worcestershire ICB,1,40,32,80.0
YO10,NHS Humber and North Yorkshire ICB,1,5,4,80.0
M11,NHS Greater Manchester ICB,7,141,113,80.1
NN1,NHS Northamptonshire ICB,6,171,137,80.1
KT2,NHS South West London ICB,4,131,105,80.2
L36,NHS Cheshire and Merseyside ICB,10,177,142,80.2
N21,NHS North Central London ICB,3,81,65,80.2
RM15,NHS Mid and South Essex ICB,4,91,73,80.2
DA1,Multiple regions,8,250,201,80.4
E1,NHS North East London ICB,7,326,262,80.4
E13,NHS North East London ICB,8,255,205,80.4
E6,NHS North East London ICB,8,281,226,80.4
LS17,NHS West Yorkshire ICB,2,97,78,80.4
SE26,NHS South East London ICB,2,56,45,80.4
HA2,NHS North West London ICB,8,154,124,80.5
BB4,NHS Lancashire and South Cumbria ICB,7,129,104,80.6
LS10,NHS West Yorkshire ICB,4,93,75,80.6
N14,NHS North Central London ICB,2,31,25,80.6
WD5,NHS Hertfordshire and West Essex ICB,2,31,25,80.6
M21,NHS Greater Manchester ICB,3,78,63,80.8
M6,NHS Greater Manchester ICB,8,182,147,80.8
B17,NHS Birmingham and Solihull ICB,4,141,114,80.9
E4,NHS North East London ICB,8,178,144,80.9
PE13,NHS Cambridgeshire and Peterborough ICB,4,94,76,80.9
B6,NHS Birmingham and Solihull ICB,3,74,60,81.1
L32,NHS Cheshire and Merseyside ICB,3,74,60,81.1
L35,NHS Cheshire and Merseyside ICB,3,37,30,81.1
N13,NHS North Central London ICB,3,74,60,81.1
NG8,NHS Nottingham and Nottinghamshire ICB,9,175,142,81.1
SE6,NHS South East London ICB,3,127,103,81.1
SE9,NHS South East London ICB,5,175,142,81.1
SW2,NHS South East London ICB,3,74,60,81.1
HX1,NHS West Yorkshire ICB,4,170,138,81.2
IP17,NHS Suffolk and North East Essex ICB,1,16,13,81.2
L30,NHS Cheshire and Merseyside ICB,1,16,13,81.2
NG3,NHS Nottingham and Nottinghamshire ICB,7,133,108,81.2
PL32,NHS Cornwall and the Isles of Scilly ICB,1,16,13,81.2
SG7,NHS Hertfordshire and West Essex ICB,2,32,26,81.2
TW10,NHS South West London ICB,1,16,13,81.2
WF17,NHS West Yorkshire ICB,8,160,130,81.2
YO19,NHS Humber and North Yorkshire ICB,1,16,13,81.2
DE1,NHS Derby and Derbyshire ICB,6,236,192,81.4
M31,NHS Greater Manchester ICB,2,27,22,81.5
LS6,NHS West Yorkshire ICB,7,136,111,81.6
WD18,NHS Hertfordshire and West Essex ICB,2,152,124,81.6
BB9,NHS Lancashire and South Cumbria ICB,7,169,138,81.7
DA12,NHS Kent and Medway ICB,4,93,76,81.7
HU7,NHS Humber and North Yorkshire ICB,6,246,201,81.7
M14,NHS Greater Manchester ICB,5,109,89,81.7
SE21,NHS South East London ICB,2,60,49,81.7
B27,NHS Birmingham and Solihull ICB,3,44,36,81.8
CA12,NHS North East and North Cumbria ICB,1,11,9,81.8
E10,NHS North East London ICB,7,165,135,81.8
M1,NHS Greater Manchester ICB,1,22,18,81.8
PE14,NHS Norfolk and Waveney ICB,2,33,27,81.8
PO40,NHS Hampshire and Isle of Wight ICB,1,11,9,81.8
RM12,NHS North East London ICB,5,121,99,81.8
RM17,NHS Mid and South Essex ICB,6,148,121,81.8
TF8,"NHS Shropshire, Telford and Wrekin ICB",1,11,9,81.8
TN18,NHS Kent and Medway ICB,1,22,18,81.8
YO41,NHS Humber and North Yorkshire ICB,1,11,9,81.8
WF12,NHS West Yorkshire ICB,5,83,68,81.9
LS11,NHS West Yorkshire ICB,4,128,105,82.0
NW6,Multiple regions,7,194,159,82.0
W7,NHS North West London ICB,6,100,82,82.0
B71,NHS Black Country ICB,2,28,23,82.1
CB4,NHS Cambridgeshire and Peterborough ICB,3,78,64,82.1
LE1,"NHS Leicester, Leicestershire and Rutland ICB",1,39,32,82.1
LS15,NHS West Yorkshire ICB,3,67,55,82.1
PE21,NHS Lincolnshire ICB,4,134,110,82.1
RM1,NHS North East London ICB,4,185,152,82.2
SW17,NHS South West London ICB,3,169,139,82.2
W13,NHS North West London ICB,7,146,120,82.2
CM20,NHS Hertfordshire and West Essex ICB,3,130,107,82.3
CR0,NHS South West London ICB,16,384,316,82.3
RM16,NHS Mid and South Essex ICB,3,62,51,82.3
BH5,NHS Dorset ICB,1,51,42,82.4
E14,NHS North East London ICB,8,290,239,82.4
EN2,NHS North Central London ICB,3,74,61,82.4
GU26,NHS Surrey Heartlands ICB,1,17,14,82.4
NG4,NHS Nottingham and Nottinghamshire ICB,3,74,61,82.4
TR26,NHS Cornwall and the Isles of Scilly ICB,1,17,14,82.4
YO14,NHS Humber and North Yorkshire ICB,2,17,14,82.4
CV2,NHS Coventry and Warwickshire ICB,7,229,189,82.5
EN8,NHS Hertfordshire and West Essex ICB,4,103,85,82.5
NR14,NHS Norfolk and Waveney ICB,3,57,47,82.5
OL6,NHS Greater Manchester ICB,5,97,80,82.5
SE8,NHS South East London ICB,3,57,47,82.5
UB7,NHS North West London ICB,4,137,113,82.5
RH3,NHS Surrey Heartlands ICB,1,23,19,82.6
TR9,NHS Cornwall and the Isles of Scilly ICB,1,23,19,82.6
EN5,NHS North Central London ICB,3,75,62,82.7
LU1,"NHS Bedfordshire, Luton and Milton Keynes ICB",7,393,325,82.7
M13,NHS Greater Manchester ICB,6,127,105,82.7
YO12,NHS Humber and North Yorkshire ICB,3,52,43,82.7
BH14,NHS Dorset ICB,2,122,101,82.8
CR2,NHS South West London ICB,6,163,135,82.8
HA1,NHS North West London ICB,7,116,96,82.8
NN2,NHS Northamptonshire ICB,6,157,130,82.8
GU32,NHS Hampshire and Isle of Wight ICB,2,76,63,82.9
L11,NHS Cheshire and Merseyside ICB,3,70,58,82.9
L33,NHS Cheshire and Merseyside ICB,2,70,58,82.9
LS14,NHS West Yorkshire ICB,4,82,68,82.9
RM18,NHS Mid and South Essex ICB,5,105,87,82.9
TQ14,NHS Devon ICB,1,35,29,82.9
WV14,NHS Black Country ICB,5,111,92,82.9
TS1,NHS North East and North Cumbria ICB,7,188,156,83.0
B36,NHS Birmingham and Solihull ICB,6,118,98,83.1
B37,NHS Birmingham and Solihull ICB,3,89,74,83.1
BB5,NHS Lancashire and South Cumbria ICB,6,161,134,83.2
BD3,NHS West Yorkshire ICB,7,179,149,83.2
IG1,NHS North East London ICB,9,321,267,83.2
SE19,Multiple regions,3,95,79,83.2
B76,NHS Birmingham and Solihull ICB,1,24,20,83.3
CB3,NHS Cambridgeshire and Peterborough ICB,2,42,35,83.3
CT11,NHS Kent and Medway ICB,2,54,45,83.3
CV4,NHS Coventry and Warwickshire ICB,3,54,45,83.3
DN38,NHS Humber and North Yorkshire ICB,1,6,5,83.3
HR2,NHS Herefordshire and Worcestershire ICB,4,60,50,83.3
HR8,NHS Herefordshire and Worcestershire ICB,1,36,30,83.3
LE14,"NHS Leicester, Leicestershire and Rutland ICB",1,12,10,83.3
NG20,Multiple regions,2,60,50,83.3
RG31,"NHS Buckinghamshire, Oxfordshire and Berkshire West ICB",2,42,35,83.3
RH17,NHS Sussex ICB,2,66,55,83.3
SE12,NHS South East London ICB,1,18,15,83.3
SW3,NHS North West London ICB,2,18,15,83.3
TN26,NHS Kent and Medway ICB,2,30,25,83.3
TR12,NHS Cornwall and the Isles of Scilly ICB,1,6,5,83.3
TW2,NHS South West London ICB,5,54,45,83.3
WD7,NHS Hertfordshire and West Essex ICB,1,42,35,83.3
YO22,NHS Humber and North Yorkshire ICB,1,12,10,83.3
NN3,NHS Northamptonshire ICB,7,187,156,83.4
SW4,NHS South East London ICB,7,145,121,83.4
DY4,NHS Black Country ICB,5,121,101,83.5
M40,NHS Greater Manchester ICB,7,97,81,83.5
NN18,NHS Northamptonshire ICB,2,103,86,83.5
NW4,NHS North Central London ICB,3,91,76,83.5
BS5,"NHS Bristol, North Somerset and South Gloucestershire ICB",5,214,179,83.6
L14,NHS Cheshire and Merseyside ICB,4,43,36,83.7
N11,NHS North Central London ICB,4,98,82,83.7
SK14,NHS Greater Manchester ICB,7,153,128,83.7
TW9,NHS South West London ICB,3,43,36,83.7
W3,NHS North West London ICB,10,141,118,83.7
B15,NHS Birmingham and Solihull ICB,2,37,31,83.8
BN21,NHS Sussex ICB,3,68,57,83.8
L23,NHS Cheshire and Merseyside ICB,3,37,31,83.8
MK12,"NHS Bedfordshire, Luton and Milton Keynes ICB",1,37,31,83.8
RM9,NHS North East London ICB,5,74,62,83.8
SS13,NHS Mid and South Essex ICB,7,111,93,83.8
B32,NHS Birmingham and Solihull ICB,4,87,73,83.9
B44,NHS Birmingham and Solihull ICB,6,118,99,83.9
BD18,NHS West Yorkshire ICB,2,124,104,83.9
DN32,NHS Humber and North Yorkshire ICB,3,31,26,83.9
M22,NHS Greater Manchester ICB,6,118,99,83.9
RG10,"NHS Buckinghamshire, Oxfordshire and Berkshire West ICB",2,31,26,83.9
B64,NHS Black Country ICB,3,50,42,84.0
B65,NHS Black Country ICB,1,100,84,84.0
BD6,NHS West Yorkshire ICB,2,50,42,84.0
BN18,NHS Sussex ICB,2,25,21,84.0
CT21,NHS Kent and Medway ICB,2,25,21,84.0
DA2,NHS Kent and Medway ICB,1,150,126,84.0
EN1,NHS North Central London ICB,1,25,21,84.0
HX4,NHS West Yorkshire ICB,1,25,21,84.0
NG19,NHS Nottingham and Nottinghamshire ICB,3,100,84,84.0
NN16,NHS Northamptonshire ICB,3,125,105,84.0
WV4,NHS Black Country ICB,2,81,68,84.0
WV6,Multiple regions,5,150,126,84.0
B67,NHS Black Country ICB,3,69,58,84.1
BR3,NHS South East London ICB,5,151,127,84.1
CM16,NHS Hertfordshire and West Essex ICB,2,69,58,84.1
IP1,NHS Suffolk and North East Essex ICB,4,176,148,84.1
L26,NHS Cheshire and Merseyside ICB,3,44,37,84.1
M16,NHS Greater Manchester ICB,5,138,116,84.1
SE15,NHS South East London ICB,7,151,127,84.1
B93,NHS Birmingham and Solihull ICB,1,19,16,84.2
HD1,NHS West Yorkshire ICB,10,139,117,84.2
L18,NHS Cheshire and Merseyside ICB,3,38,32,84.2
OL1,NHS Greater Manchester ICB,7,120,101,84.2
OL12,Multiple regions,5,146,123,84.2
PE25,NHS Lincolnshire ICB,2,51,43,84.3
WS1,NHS Black Country ICB,9,197,166,84.3
B98,NHS Herefordshire and Worcestershire ICB,1,32,27,84.4
BD7,NHS West Yorkshire ICB,4,167,141,84.4
BS14,"NHS Bristol, North Somerset and South Gloucestershire ICB",2,64,54,84.4
CH41,NHS Cheshire and Merseyside ICB,6,122,103,84.4
M23,NHS Greater Manchester ICB,6,109,92,84.4
PL15,NHS Cornwall and the Isles of Scilly ICB,1,32,27,84.4
RH8,NHS Surrey Heartlands ICB,1,45,38,84.4
SO41,NHS Hampshire and Isle of Wight ICB,2,32,27,84.4
TR10,NHS Cornwall and the Isles of Scilly ICB,1,32,27,84.4
CT1,NHS Kent and Medway ICB,3,71,60,84.5
E11,NHS North East London ICB,11,213,180,84.5
OL4,NHS Greater Manchester ICB,7,161,136,84.5
BL9,NHS Greater Manchester ICB,9,162,137,84.6
BN6,NHS Sussex ICB,1,39,33,84.6
M45,NHS Greater Manchester ICB,2,39,33,84.6
PE11,NHS Lincolnshire ICB,3,117,99,84.6
PE23,NHS Lincolnshire ICB,1,13,11,84.6
SS12,NHS Mid and South Essex ICB,3,104,88,84.6
WA11,NHS Cheshire and Merseyside ICB,3,65,55,84.6
BR5,NHS South East London ICB,8,131,111,84.7
DA14,NHS South East London ICB,2,85,72,84.7
TS3,NHS North East and North Cumbria ICB,5,72,61,84.7
B21,NHS Birmingham and Solihull ICB,6,164,139,84.8
GU3,NHS Surrey Heartlands ICB,1,33,28,84.8
HU6,NHS Humber and North Yorkshire ICB,2,46,39,84.8
ME8,NHS Kent and Medway ICB,6,73,62,84.9
N8,NHS North Central London ICB,5,185,157,84.9
PL1,NHS Devon ICB,4,53,45,84.9
B29,NHS Birmingham and Solihull ICB,6,80,68,85.0
BA6,NHS Somerset ICB,2,20,17,85.0
CV3,NHS Coventry and Warwickshire ICB,10,187,159,85.0
LU3,"NHS Bedfordshire, Luton and Milton Keynes ICB",7,226,192,85.0
PE20,NHS Lincolnshire ICB,3,40,34,85.0
RM2,NHS North East London ICB,1,20,17,85.0
TS9,NHS Humber and North Yorkshire ICB,2,20,17,85.0
TW3,NHS North West London ICB,12,273,232,85.0
BN20,NHS Sussex ICB,1,47,40,85.1
E18,NHS North East London ICB,5,94,80,85.1
L22,NHS Cheshire and Merseyside ICB,3,47,40,85.1
ME15,NHS Kent and Medway ICB,4,202,172,85.1
B45,Multiple regions,4,61,52,85.2
HP2,NHS Hertfordshire and West Essex ICB,4,115,98,85.2
LS1,NHS West Yorkshire ICB,1,27,23,85.2
M25,NHS Greater Manchester ICB,4,108,92,85.2
NE2,NHS North East and North Cumbria ICB,1,54,46,85.2
NG22,NHS Nottingham and Nottinghamshire ICB,3,61,52,85.2
NN17,NHS Northamptonshire ICB,1,108,92,85.2
SE10,NHS South East London ICB,6,182,155,85.2
SS15,NHS Mid and South Essex ICB,3,88,75,85.2
SW18,NHS South West London ICB,6,229,195,85.2
WD23,NHS Hertfordshire and West Essex ICB,3,223,190,85.2
BR2,NHS South East London ICB,4,68,58,85.3
CM4,NHS Mid and South Essex ICB,2,34,29,85.3
HP13,"NHS Buckinghamshire, Oxfordshire and Berkshire West ICB",4,95,81,85.3
HX6,NHS West Yorkshire ICB,2,34,29,85.3
TS26,NHS North East and North Cumbria ICB,2,34,29,85.3
DN11,NHS South Yorkshire ICB,3,48,41,85.4
RG30,"NHS Buckinghamshire, Oxfordshire and Berkshire West ICB",3,103,88,85.4
ST4,NHS Staffordshire and Stoke-on-Trent ICB,6,103,88,85.4
WS2,NHS Black Country ICB,7,178,152,85.4
M12,NHS Greater Manchester ICB,3,69,59,85.5
CM15,NHS Mid and South Essex ICB,5,132,113,85.6
CR8,NHS South West London ICB,2,104,89,85.6
DA11,NHS Kent and Medway ICB,4,160,137,85.6
DA16,NHS South East London ICB,5,111,95,85.6
ME7,NHS Kent and Medway ICB,4,174,149,85.6
TS5,NHS North East and North Cumbria ICB,4,118,101,85.6
BA5,NHS Somerset ICB,2,28,24,85.7
BH1,NHS Dorset ICB,2,63,54,85.7
BH24,NHS Hampshire and Isle of Wight ICB,2,35,30,85.7
BH8,NHS Dorset ICB,2,28,24,85.7
BH9,NHS Dorset ICB,3,49,42,85.7
BS25,"NHS Bristol, North Somerset and South Gloucestershire ICB",1,28,24,85.7
CA6,NHS North East and North Cumbria ICB,1,7,6,85.7
CM17,NHS Hertfordshire and West Essex ICB,2,91,78,85.7
CM5,NHS Hertfordshire and West Essex ICB,1,28,24,85.7
DN17,NHS Humber and North Yorkshire ICB,1,14,12,85.7
DN4,NHS South Yorkshire ICB,3,70,60,85.7
GU25,NHS Surrey Heartlands ICB,1,14,12,85.7
LA15,NHS Lancashire and South Cumbria ICB,1,14,12,85.7
LU4,"NHS Bedfordshire, Luton and Milton Keynes ICB",8,251,215,85.7
M44,NHS Greater Manchester ICB,3,56,48,85.7
NG25,NHS Nottingham and Nottinghamshire ICB,1,14,12,85.7
NN8,NHS Northamptonshire ICB,4,189,162,85.7
NR27,NHS Norfolk and Waveney ICB,1,7,6,85.7
RH7,NHS Surrey Heartlands ICB,1,21,18,85.7
SP9,NATIONAL COMMISSIONING HUB 1,1,21,18,85.7
SW16,Multiple regions,11,266,228,85.7
SY10,"NHS Shropshire, Telford and Wrekin ICB",1,7,6,85.7
SY6,"NHS Shropshire, Telford and Wrekin ICB",1,7,6,85.7
TN15,NHS Kent and Medway ICB,1,35,30,85.7
TN37,NHS Sussex ICB,1,42,36,85.7
UB10,NHS North West London ICB,4,63,54,85.7
WF13,NHS West Yorkshire ICB,6,147,126,85.7
YO11,NHS Humber and North Yorkshire ICB,3,84,72,85.7
BB1,NHS Lancashire and South Cumbria ICB,11,289,248,85.8
DY9,Multiple regions,6,106,91,85.8
BN3,NHS Sussex ICB,5,163,140,85.9
CM12,NHS Mid and South Essex ICB,5,93,80,86.0
DN8,NHS South Yorkshire ICB,2,43,37,86.0
L9,NHS Cheshire and Merseyside ICB,8,150,129,86.0
M32,NHS Greater Manchester ICB,3,100,86,86.0
B66,NHS Black Country ICB,6,144,124,86.1
DE23,NHS Derby and Derbyshire ICB,6,323,278,86.1
DN15,NHS Humber and North Yorkshire ICB,4,115,99,86.1
GL1,NHS Gloucestershire ICB,6,274,236,86.1
OL11,NHS Greater Manchester ICB,8,144,124,86.1
OL14,NHS West Yorkshire ICB,1,36,31,86.1
S60,NHS South Yorkshire ICB,4,122,105,86.1
TW17,NHS Surrey Heartlands ICB,2,36,31,86.1
TW18,NHS Surrey Heartlands ICB,3,79,68,86.1
BB3,NHS Lancashire and South Cumbria ICB,4,87,75,86.2
BL3,NHS Greater Manchester ICB,16,268,231,86.2
GU12,NHS Frimley ICB,1,58,50,86.2
HP7,"NHS Buckinghamshire, Oxfordshire and Berkshire West ICB",2,29,25,86.2
PO21,NHS Sussex ICB,4,87,75,86.2
SE20,NHS South East London ICB,4,65,56,86.2
SM6,NHS South West London ICB,6,130,112,86.2
TW12,NHS South West London ICB,3,65,56,86.2
WA10,NHS Cheshire and Merseyside ICB,11,138,119,86.2
BD12,NHS West Yorkshire ICB,2,73,63,86.3
SL1,Multiple regions,9,388,335,86.3
BB6,NHS Lancashire and South Cumbria ICB,1,22,19,86.4
BD14,NHS West Yorkshire ICB,1,22,19,86.4
DN1,NHS South Yorkshire ICB,7,235,203,86.4
GL51,NHS Gloucestershire ICB,1,22,19,86.4
M20,NHS Greater Manchester ICB,5,118,102,86.4
MK43,"NHS Bedfordshire, Luton and Milton Keynes ICB",3,118,102,86.4
NN5,NHS Northamptonshire ICB,1,59,51,86.4
NW3,NHS North Central London ICB,6,118,102,86.4
RM14,NHS North East London ICB,3,59,51,86.4
SK5,NHS Greater Manchester ICB,3,66,57,86.4
SN16,"NHS Bath and North East Somerset, Swindon and Wiltshire ICB",1,22,19,86.4
TN33,NHS Sussex ICB,2,22,19,86.4
WD19,NHS Hertfordshire and West Essex ICB,2,22,19,86.4
BB2,NHS Lancashire and South Cumbria ICB,8,170,147,86.5
DE14,NHS Staffordshire and Stoke-on-Trent ICB,5,133,115,86.5
DY13,NHS Herefordshire and Worcestershire ICB,1,37,32,86.5
HP19,"NHS Buckinghamshire, Oxfordshire and Berkshire West ICB",1,37,32,86.5
HU3,NHS Humber and North Yorkshire ICB,3,52,45,86.5
NW11,NHS North Central London ICB,6,171,148,86.5
SS0,NHS Mid and South Essex ICB,5,96,83,86.5
TR18,NHS Cornwall and the Isles of Scilly ICB,4,52,45,86.5
WA6,NHS Cheshire and Merseyside ICB,2,52,45,86.5
CM18,NHS Hertfordshire and West Essex ICB,3,127,110,86.6
CT4,NHS Kent and Medway ICB,3,97,84,86.6
E7,NHS North East London ICB,10,247,214,86.6
LN11,NHS Lincolnshire ICB,3,67,58,86.6
OL9,NHS Greater Manchester ICB,6,142,123,86.6
RM11,NHS North East London ICB,4,82,71,86.6
B70,NHS Black Country ICB,9,173,150,86.7
B77,NHS Staffordshire and Stoke-on-Trent ICB,2,75,65,86.7
BN5,NHS Sussex ICB,1,15,13,86.7
DA8,NHS South East London ICB,3,83,72,86.7
DE15,NHS Staffordshire and Stoke-on-Trent ICB,3,45,39,86.7
DN16,NHS Humber and North Yorkshire ICB,4,143,124,86.7
HP21,"NHS Buckinghamshire, Oxfordshire and Berkshire West ICB",1,60,52,86.7
KT6,NHS South West London ICB,5,90,78,86.7
LE6,"NHS Leicester, Leicestershire and Rutland ICB",2,30,26,86.7
LN5,NHS Lincolnshire ICB,4,90,78,86.7
LS27,NHS West Yorkshire ICB,4,98,85,86.7
MK15,"NHS Bedfordshire, Luton and Milton Keynes ICB",1,30,26,86.7
NE45,NHS North East and North Cumbria ICB,1,15,13,86.7
PL24,NHS Cornwall and the Isles of Scilly ICB,1,15,13,86.7
S1,NHS South Yorkshire ICB,1,15,13,86.7
SM5,NHS South West London ICB,4,83,72,86.7
TA20,NHS Somerset ICB,1,30,26,86.7
TR13,NHS Cornwall and the Isles of Scilly ICB,2,45,39,86.7
WV10,Multiple regions,13,263,228,86.7
KT16,NHS Surrey Heartlands ICB,2,68,59,86.8
KT20,NHS Surrey Heartlands ICB,2,38,33,86.8
PL31,NHS Cornwall and the Isles of Scilly ICB,1,53,46,86.8
SW20,NHS South West London ICB,3,129,112,86.8
TR11,NHS Cornwall and the Isles of Scilly ICB,3,53,46,86.8
CV12,NHS Coventry and Warwickshire ICB,5,99,86,86.9
IG10,NHS Hertfordshire and West Essex ICB,3,84,73,86.9
SK13,NHS Greater Manchester ICB,3,61,53,86.9
TA6,NHS Somerset ICB,6,160,139,86.9
B78,NHS Coventry and Warwickshire ICB,2,54,47,87.0
BN17,NHS Sussex ICB,2,69,60,87.0
DA17,NHS South East London ICB,1,46,40,87.0
E17,NHS North East London ICB,15,377,328,87.0
FY4,NHS Lancashire and South Cumbria ICB,5,115,100,87.0
GL56,NHS Gloucestershire ICB,2,23,20,87.0
MK6,"NHS Bedfordshire, Luton and Milton Keynes ICB",3,69,60,87.0
PR9,NHS Cheshire and Merseyside ICB,5,77,67,87.0
UB8,NHS North West London ICB,6,138,120,87.0
YO8,NHS Humber and North Yorkshire ICB,3,92,80,87.0
CO1,NHS Suffolk and North East Essex ICB,2,132,115,87.1
PE30,NHS Norfolk and Waveney ICB,4,140,122,87.1
PO7,NHS Hampshire and Isle of Wight ICB,2,70,61,87.1
BN9,NHS Sussex ICB,2,47,41,87.2
DA13,NHS Kent and Medway ICB,2,47,41,87.2
IP30,NHS Suffolk and North East Essex ICB,1,39,34,87.2
SM1,NHS South West London ICB,5,156,136,87.2
SO14,NHS Hampshire and Isle of Wight ICB,2,78,68,87.2
WD6,NHS Hertfordshire and West Essex ICB,3,109,95,87.2
ME1,NHS Kent and Medway ICB,4,71,62,87.3
NG31,NHS Lincolnshire ICB,5,118,103,87.3
YO16,NHS Humber and North Yorkshire ICB,1,71,62,87.3
L25,NHS Cheshire and Merseyside ICB,5,87,76,87.4
LU7,Multiple regions,4,182,159,87.4
M24,NHS Greater Manchester ICB,9,159,139,87.4
AL9,NHS Hertfordshire and West Essex ICB,1,16,14,87.5
BH31,NHS Dorset ICB,1,16,14,87.5
CB8,NHS Suffolk and North East Essex ICB,4,72,63,87.5
CR5,NHS South West London ICB,2,56,49,87.5
EN11,NHS Hertfordshire and West Essex ICB,3,72,63,87.5
GU28,NHS Sussex ICB,1,8,7,87.5
HD3,NHS West Yorkshire ICB,4,72,63,87.5
IP31,NHS Suffolk and North East Essex ICB,2,32,28,87.5
KT11,NHS Surrey Heartlands ICB,1,24,21,87.5
LN10,NHS Lincolnshire ICB,2,16,14,87.5
M3,NHS Greater Manchester ICB,1,16,14,87.5
M35,NHS Greater Manchester ICB,2,64,56,87.5
M5,NHS Greater Manchester ICB,2,24,21,87.5
MK44,"NHS Bedfordshire, Luton and Milton Keynes ICB",1,8,7,87.5
NR10,NHS Norfolk and Waveney ICB,1,8,7,87.5
NR9,NHS Norfolk and Waveney ICB,1,16,14,87.5
OX20,"NHS Buckinghamshire, Oxfordshire and Berkshire West ICB",1,24,21,87.5
RM19,NHS Mid and South Essex ICB,1,32,28,87.5
SG10,NHS Hertfordshire and West Essex ICB,1,8,7,87.5
SG19,"NHS Bedfordshire, Luton and Milton Keynes ICB",2,48,42,87.5
W1H,NHS North West London ICB,1,8,7,87.5
WF7,NHS West Yorkshire ICB,3,56,49,87.5
CM3,NHS Mid and South Essex ICB,6,170,149,87.6
HP3,NHS Hertfordshire and West Essex ICB,3,129,113,87.6
MK42,"NHS Bedfordshire, Luton and Milton Keynes ICB",3,161,141,87.6
RG21,NHS Hampshire and Isle of Wight ICB,2,113,99,87.6
S64,NHS South Yorkshire ICB,4,105,92,87.6
UB3,NHS North West London ICB,6,249,218,87.6
CM9,NHS Mid and South Essex ICB,3,57,50,87.7
LE11,"NHS Leicester, Leicestershire and Rutland ICB",6,122,107,87.7
M34,NHS Greater Manchester ICB,3,81,71,87.7
NE28,NHS North East and North Cumbria ICB,3,81,71,87.7
NE4,NHS North East and North Cumbria ICB,7,203,178,87.7
TN22,NHS Sussex ICB,3,73,64,87.7
B43,Multiple regions,4,74,65,87.8
DA3,NHS Kent and Medway ICB,1,41,36,87.8
HA0,NHS North West London ICB,10,213,187,87.8
LE2,"NHS Leicester, Leicestershire and Rutland ICB",19,385,338,87.8
LN1,NHS Lincolnshire ICB,5,74,65,87.8
M27,NHS Greater Manchester ICB,4,115,101,87.8
NR2,NHS Norfolk and Waveney ICB,2,41,36,87.8
PR1,NHS Lancashire and South Cumbria ICB,11,294,258,87.8
RG24,NHS Hampshire and Isle of Wight ICB,2,90,79,87.8
RH6,NHS Surrey Heartlands ICB,2,115,101,87.8
SO19,NHS Hampshire and Isle of Wight ICB,5,262,230,87.8
ST6,NHS Staffordshire and Stoke-on-Trent ICB,9,221,194,87.8
WA7,NHS Cheshire and Merseyside ICB,6,139,122,87.8
WR1,NHS Herefordshire and Worcestershire ICB,3,90,79,87.8
DE5,NHS Derby and Derbyshire ICB,2,33,29,87.9
ME4,NHS Kent and Medway ICB,4,207,182,87.9
S5,NHS South Yorkshire ICB,7,165,145,87.9
SN11,"NHS Bath and North East Somerset, Swindon and Wiltshire ICB",2,58,51,87.9
TN12,NHS Kent and Medway ICB,3,58,51,87.9
HD2,NHS West Yorkshire ICB,4,100,88,88.0
KT23,NHS Surrey Heartlands ICB,2,25,22,88.0
LA3,NHS Lancashire and South Cumbria ICB,1,125,110,88.0
OX33,"NHS Buckinghamshire, Oxfordshire and Berkshire West ICB",1,25,22,88.0
TN27,NHS Kent and Medway ICB,1,25,22,88.0
B72,NHS Birmingham and Solihull ICB,2,42,37,88.1
B75,NHS Birmingham and Solihull ICB,1,101,89,88.1
CM0,NHS Mid and South Essex ICB,3,42,37,88.1
DA7,NHS South East London ICB,4,135,119,88.1
DE13,NHS Staffordshire and Stoke-on-Trent ICB,6,143,126,88.1
IP24,NHS Norfolk and Waveney ICB,3,67,59,88.1
LU2,"NHS Bedfordshire, Luton and Milton Keynes ICB",3,59,52,88.1
MK14,"NHS Bedfordshire, Luton and Milton Keynes ICB",2,42,37,88.1
NG15,NHS Nottingham and Nottinghamshire ICB,4,101,89,88.1
NN12,NHS Northamptonshire ICB,2,42,37,88.1
PR8,NHS Cheshire and Merseyside ICB,7,109,96,88.1
S2,NHS South Yorkshire ICB,8,151,133,88.1
SL3,NHS Frimley ICB,3,118,104,88.1
SM4,NHS South West London ICB,3,42,37,88.1
BS32,"NHS Bristol, North Somerset and South Gloucestershire ICB",1,17,15,88.2
CV7,Multiple regions,2,51,45,88.2
DL4,NHS North East and North Cumbria ICB,1,17,15,88.2
HD9,NHS West Yorkshire ICB,4,76,67,88.2
HP11,"NHS Buckinghamshire, Oxfordshire and Berkshire West ICB",3,102,90,88.2
M28,NHS Greater Manchester ICB,8,170,150,88.2
NE8,NHS North East and North Cumbria ICB,6,136,120,88.2
OX9,"NHS Buckinghamshire, Oxfordshire and Berkshire West ICB",1,34,30,88.2
SE13,NHS South East London ICB,4,212,187,88.2
SE17,NHS South East London ICB,3,51,45,88.2
TA11,NHS Somerset ICB,1,17,15,88.2
TN3,Multiple regions,2,17,15,88.2
TS18,NHS North East and North Cumbria ICB,6,161,142,88.2
WV3,NHS Black Country ICB,3,68,60,88.2
BD2,NHS West Yorkshire ICB,5,103,91,88.3
FY5,NHS Lancashire and South Cumbria ICB,4,77,68,88.3
OX2,"NHS Buckinghamshire, Oxfordshire and Berkshire West ICB",4,60,53,88.3
SE3,NHS South East London ICB,3,77,68,88.3
SL2,Multiple regions,5,163,144,88.3
WF9,NHS West Yorkshire ICB,4,145,128,88.3
GL10,NHS Gloucestershire ICB,2,43,38,88.4
PO22,NHS Sussex ICB,2,43,38,88.4
SN5,"NHS Bath and North East Somerset, Swindon and Wiltshire ICB",4,86,76,88.4
BN12,NHS Sussex ICB,1,26,23,88.5
CH42,NHS Cheshire and Merseyside ICB,3,61,54,88.5
CM7,NHS Mid and South Essex ICB,5,130,115,88.5
CR6,NHS Surrey Heartlands ICB,2,61,54,88.5
CT20,NHS Kent and Medway ICB,4,87,77,88.5
CT9,NHS Kent and Medway ICB,3,183,162,88.5
HP23,NHS Hertfordshire and West Essex ICB,1,96,85,88.5
LA12,NHS Lancashire and South Cumbria ICB,2,26,23,88.5
ME19,NHS Kent and Medway ICB,1,52,46,88.5
N6,NHS North Central London ICB,1,26,23,88.5
NN4,NHS Northamptonshire ICB,3,130,115,88.5
PO31,NHS Hampshire and Isle of Wight ICB,1,26,23,88.5
SO51,NHS Hampshire and Isle of Wight ICB,2,61,54,88.5
TW7,NHS North West London ICB,3,61,54,88.5
BA21,NHS Somerset ICB,1,44,39,88.6
CA2,NHS North East and North Cumbria ICB,1,35,31,88.6
CH1,NHS Cheshire and Merseyside ICB,7,105,93,88.6
HU5,NHS Humber and North Yorkshire ICB,5,175,155,88.6
LU5,"NHS Bedfordshire, Luton and Milton Keynes ICB",5,229,203,88.6
ME17,NHS Kent and Medway ICB,3,88,78,88.6
NG23,Multiple regions,3,35,31,88.6
SG12,NHS Hertfordshire and West Essex ICB,2,88,78,88.6
SL5,NHS Frimley ICB,4,44,39,88.6
TN39,NHS Sussex ICB,3,79,70,88.6
DN21,Multiple regions,4,71,63,88.7
DY1,NHS Black Country ICB,8,150,133,88.7
GU9,NHS Frimley ICB,2,62,55,88.7
HP12,"NHS Buckinghamshire, Oxfordshire and Berkshire West ICB",2,62,55,88.7
LU6,Multiple regions,3,53,47,88.7
NR32,NHS Norfolk and Waveney ICB,3,71,63,88.7
PE6,Multiple regions,3,106,94,88.7
PR2,NHS Lancashire and South Cumbria ICB,7,204,181,88.7
SW14,NHS South West London ICB,2,62,55,88.7
WS10,NHS Black Country ICB,10,168,149,88.7
BL4,NHS Greater Manchester ICB,4,80,71,88.8
SK8,NHS Greater Manchester ICB,6,134,119,88.8
ST1,NHS Staffordshire and Stoke-on-Trent ICB,5,188,167,88.8
B30,NHS Birmingham and Solihull ICB,2,45,40,88.9
BS36,"NHS Bristol, North Somerset and South Gloucestershire ICB",1,36,32,88.9
CA17,NHS North East and North Cumbria ICB,1,9,8,88.9
CB10,NHS Hertfordshire and West Essex ICB,1,27,24,88.9
CB5,NHS Cambridgeshire and Peterborough ICB,1,18,16,88.9
CH48,NHS Cheshire and Merseyside ICB,1,27,24,88.9
CM14,NHS Mid and South Essex ICB,1,36,32,88.9
CO14,NHS Suffolk and North East Essex ICB,1,9,8,88.9
CO2,NHS Suffolk and North East Essex ICB,2,108,96,88.9
DT5,NHS Dorset ICB,1,18,16,88.9
HP14,"NHS Buckinghamshire, Oxfordshire and Berkshire West ICB",2,45,40,88.9
HX2,NHS West Yorkshire ICB,3,72,64,88.9
L3,NHS Cheshire and Merseyside ICB,1,9,8,88.9
M43,NHS Greater Manchester ICB,3,36,32,88.9
NE47,NHS North East and North Cumbria ICB,1,9,8,88.9
NE9,NHS North East and North Cumbria ICB,4,63,56,88.9
NG32,NHS Lincolnshire ICB,1,18,16,88.9
PE33,NHS Norfolk and Waveney ICB,2,18,16,88.9
RG28,NHS Hampshire and Isle of Wight ICB,1,18,16,88.9
RH18,NHS Sussex ICB,1,18,16,88.9
TA10,NHS Somerset ICB,1,18,16,88.9
TN35,NHS Sussex ICB,1,36,32,88.9
TS4,NHS North East and North Cumbria ICB,1,18,16,88.9
WF11,NHS West Yorkshire ICB,1,36,32,88.9
BL1,NHS Greater Manchester ICB,16,299,266,89.0
CV31,NHS Coventry and Warwickshire ICB,4,82,73,89.0
GU17,NHS Frimley ICB,1,73,65,89.0
L15,NHS Cheshire and Merseyside ICB,4,91,81,89.0
PL25,NHS Cornwall and the Isles of Scilly ICB,1,73,65,89.0
WA2,NHS Cheshire and Merseyside ICB,5,91,81,89.0
BB12,NHS Lancashire and South Cumbria ICB,2,55,49,89.1
BS23,"NHS Bristol, North Somerset and South Gloucestershire ICB",4,119,106,89.1
CM13,NHS Mid and South Essex ICB,1,46,41,89.1
CT12,NHS Kent and Medway ICB,3,46,41,89.1
HP9,"NHS Buckinghamshire, Oxfordshire and Berkshire West ICB",2,46,41,89.1
KT15,NHS Surrey Heartlands ICB,1,46,41,89.1
LE5,"NHS Leicester, Leicestershire and Rutland ICB",13,405,361,89.1
NE1,NHS North East and North Cumbria ICB,2,55,49,89.1
NG2,NHS Nottingham and Nottinghamshire ICB,8,137,122,89.1
NG5,NHS Nottingham and Nottinghamshire ICB,11,193,172,89.1
RH10,NHS Sussex ICB,7,274,244,89.1
SK9,NHS Cheshire and Merseyside ICB,4,92,82,89.1
TN16,Multiple regions,3,55,49,89.1
WF16,NHS West Yorkshire ICB,3,55,49,89.1
B79,NHS Staffordshire and Stoke-on-Trent ICB,6,139,124,89.2
BR4,NHS South East London ICB,3,37,33,89.2
CT10,NHS Kent and Medway ICB,2,37,33,89.2
CW10,NHS Cheshire and Merseyside ICB,2,37,33,89.2
DE12,"NHS Leicester, Leicestershire and Rutland ICB",1,37,33,89.2
FY1,NHS Lancashire and South Cumbria ICB,4,120,107,89.2
HA4,NHS North West London ICB,8,120,107,89.2
L31,NHS Cheshire and Merseyside ICB,4,65,58,89.2
SS16,NHS Mid and South Essex ICB,4,120,107,89.2
SS6,NHS Mid and South Essex ICB,3,65,58,89.2
TA1,NHS Somerset ICB,5,158,141,89.2
CM2,NHS Mid and South Essex ICB,5,169,151,89.3
CO15,NHS Suffolk and North East Essex ICB,6,159,142,89.3
M29,NHS Greater Manchester ICB,7,103,92,89.3
ME10,NHS Kent and Medway ICB,7,168,150,89.3
ME6,NHS Kent and Medway ICB,1,28,25,89.3
PO11,NHS Hampshire and Isle of Wight ICB,2,28,25,89.3
RG7,"NHS Buckinghamshire, Oxfordshire and Berkshire West ICB",4,103,92,89.3
S14,NHS South Yorkshire ICB,1,28,25,89.3
SN14,"NHS Bath and North East Somerset, Swindon and Wiltshire ICB",1,28,25,89.3
CO4,NHS Suffolk and North East Essex ICB,4,132,118,89.4
CV21,NHS Coventry and Warwickshire ICB,8,245,219,89.4
DN3,NHS South Yorkshire ICB,2,66,59,89.4
LE10,"NHS Leicester, Leicestershire and Rutland ICB",5,94,84,89.4
NR5,NHS Norfolk and Waveney ICB,4,94,84,89.4
BN25,NHS Sussex ICB,2,38,34,89.5
CW6,NHS Cheshire and Merseyside ICB,4,38,34,89.5
DE24,NHS Derby and Derbyshire ICB,2,19,17,89.5
GU31,NHS Hampshire and Isle of Wight ICB,1,19,17,89.5
LE16,"NHS Leicester, Leicestershire and Rutland ICB",1,76,68,89.5
PO3,NHS Hampshire and Isle of Wight ICB,2,57,51,89.5
SL6,NHS Frimley ICB,10,210,188,89.5
SS1,NHS Mid and South Essex ICB,5,152,136,89.5
TA21,NHS Somerset ICB,1,38,34,89.5
TQ7,NHS Devon ICB,2,19,17,89.5
WN1,NHS Greater Manchester ICB,4,38,34,89.5
YO17,NHS Humber and North Yorkshire ICB,1,38,34,89.5
B92,NHS Birmingham and Solihull ICB,4,67,60,89.6
BL8,NHS Greater Manchester ICB,3,135,121,89.6
BN41,NHS Sussex ICB,2,48,43,89.6
NG24,NHS Nottingham and Nottinghamshire ICB,4,125,112,89.6
PO5,NHS Hampshire and Isle of Wight ICB,3,96,86,89.6
RG2,"NHS Buckinghamshire, Oxfordshire and Berkshire West ICB",4,164,147,89.6
RH14,NHS Sussex ICB,2,48,43,89.6
SK4,NHS Greater Manchester ICB,3,193,173,89.6
TR15,NHS Cornwall and the Isles of Scilly ICB,2,96,86,89.6
UB1,NHS North West London ICB,13,240,215,89.6
WN3,NHS Greater Manchester ICB,7,77,69,89.6
B91,NHS Birmingham and Solihull ICB,1,107,96,89.7
BS13,"NHS Bristol, North Somerset and South Gloucestershire ICB",4,107,96,89.7
CT3,NHS Kent and Medway ICB,2,39,35,89.7
IG5,NHS North East London ICB,2,29,26,89.7
M26,NHS Greater Manchester ICB,3,58,52,89.7
OL13,NHS Lancashire and South Cumbria ICB,1,39,35,89.7
OL16,NHS Greater Manchester ICB,6,126,113,89.7
OX4,"NHS Buckinghamshire, Oxfordshire and Berkshire West ICB",7,184,165,89.7
RG1,"NHS Buckinghamshire, Oxfordshire and Berkshire West ICB",7,185,166,89.7
RG29,NHS Hampshire and Isle of Wight ICB,1,29,26,89.7
RH11,NHS Sussex ICB,6,175,157,89.7
SN6,"NHS Bath and North East Somerset, Swindon and Wiltshire ICB",3,156,140,89.7
SW15,NHS South West London ICB,7,165,148,89.7
TN11,NHS Kent and Medway ICB,2,39,35,89.7
TN14,NHS Kent and Medway ICB,1,29,26,89.7
TQ2,NHS Devon ICB,2,39,35,89.7
TW15,NHS Surrey Heartlands ICB,4,87,78,89.7
WN7,NHS Greater Manchester ICB,10,156,140,89.7
WV1,NHS Black Country ICB,3,87,78,89.7
EX16,NHS Devon ICB,4,88,79,89.8
ME12,NHS Kent and Medway ICB,5,108,97,89.8
WF2,NHS West Yorkshire ICB,4,98,88,89.8
B90,NHS Birmingham and Solihull ICB,3,119,107,89.9
BB10,NHS Lancashire and South Cumbria ICB,3,79,71,89.9
BN2,NHS Sussex ICB,7,109,98,89.9
BS15,"NHS Bristol, North Somerset and South Gloucestershire ICB",3,99,89,89.9
CV11,NHS Coventry and Warwickshire ICB,8,139,125,89.9
DT4,NHS Dorset ICB,4,109,98,89.9
IG2,NHS North East London ICB,6,149,134,89.9
L39,NHS Lancashire and South Cumbria ICB,4,79,71,89.9
ME16,NHS Kent and Medway ICB,3,69,62,89.9
PO33,NHS Hampshire and Isle of Wight ICB,5,69,62,89.9
TN34,NHS Sussex ICB,3,99,89,89.9
TQ1,NHS Devon ICB,3,69,62,89.9
WN5,Multiple regions,5,79,71,89.9
B31,NHS Birmingham and Solihull ICB,7,209,188,90.0
B46,NHS Coventry and Warwickshire ICB,1,20,18,90.0
BD15,NHS West Yorkshire ICB,1,20,18,90.0
CA22,NHS North East and North Cumbria ICB,2,50,45,90.0
CO12,NHS Suffolk and North East Essex ICB,2,50,45,90.0
CT2,NHS Kent and Medway ICB,2,40,36,90.0
DE21,NHS Derby and Derbyshire ICB,3,100,90,90.0
DL7,NHS Humber and North Yorkshire ICB,2,60,54,90.0
DN22,NHS Nottingham and Nottinghamshire ICB,3,130,117,90.0
EC1A,NHS North East London ICB,1,10,9,90.0
EX11,NHS Devon ICB,1,20,18,90.0
LA18,NHS Lancashire and South Cumbria ICB,1,10,9,90.0
NR26,NHS Norfolk and Waveney ICB,1,10,9,90.0
NR29,NHS Norfolk and Waveney ICB,2,20,18,90.0
OL15,NHS Greater Manchester ICB,4,30,27,90.0
PL20,NHS Devon ICB,1,10,9,90.0
PL3,NHS Devon ICB,1,10,9,90.0
S65,NHS South Yorkshire ICB,5,130,117,90.0
SN13,"NHS Bath and North East Somerset, Swindon and Wiltshire ICB",2,50,45,90.0
SS14,NHS Mid and South Essex ICB,4,60,54,90.0
SY8,"NHS Shropshire, Telford and Wrekin ICB",2,30,27,90.0
TA3,NHS Somerset ICB,2,20,18,90.0
TR16,NHS Cornwall and the Isles of Scilly ICB,1,10,9,90.0
WD17,NHS Hertfordshire and West Essex ICB,2,40,36,90.0
WR6,NHS Herefordshire and Worcestershire ICB,2,20,18,90.0
WV12,NHS Black Country ICB,1,10,9,90.0
B61,NHS Herefordshire and Worcestershire ICB,4,101,91,90.1
GU16,NHS Frimley ICB,2,81,73,90.1
M30,NHS Greater Manchester ICB,3,81,73,90.1
NW7,NHS North Central London ICB,2,91,82,90.1
S8,NHS South Yorkshire ICB,6,162,146,90.1
SS17,NHS Mid and South Essex ICB,4,71,64,90.1
BH4,NHS Dorset ICB,1,41,37,90.2
CM8,NHS Mid and South Essex ICB,5,112,101,90.2
GU21,NHS Surrey Heartlands ICB,3,41,37,90.2
GU6,NHS Surrey Heartlands ICB,1,41,37,90.2
LS22,NHS West Yorkshire ICB,3,51,46,90.2
OX7,"NHS Buckinghamshire, Oxfordshire and Berkshire West ICB",3,41,37,90.2
SS2,NHS Mid and South Essex ICB,5,51,46,90.2
ST5,NHS Staffordshire and Stoke-on-Trent ICB,11,215,194,90.2
B62,NHS Black Country ICB,3,62,56,90.3
BN1,NHS Sussex ICB,14,217,196,90.3
CA13,NHS North East and North Cumbria ICB,1,31,28,90.3
DL1,NHS North East and North Cumbria ICB,4,134,121,90.3
EX39,NHS Devon ICB,3,72,65,90.3
GU52,NHS Frimley ICB,1,31,28,90.3
LS20,NHS West Yorkshire ICB,1,31,28,90.3
SG2,NHS Hertfordshire and West Essex ICB,1,31,28,90.3
SS7,NHS Mid and South Essex ICB,6,103,93,90.3
SY11,"NHS Shropshire, Telford and Wrekin ICB",3,62,56,90.3
TS20,NHS North East and North Cumbria ICB,1,31,28,90.3
BH18,NHS Dorset ICB,2,73,66,90.4
BR8,NHS Kent and Medway ICB,1,52,47,90.4
BS7,"NHS Bristol, North Somerset and South Gloucestershire ICB",3,167,151,90.4
CB1,NHS Cambridgeshire and Peterborough ICB,6,114,103,90.4
IP28,NHS Suffolk and North East Essex ICB,2,52,47,90.4
NR33,NHS Norfolk and Waveney ICB,4,83,75,90.4
S73,NHS South Yorkshire ICB,3,73,66,90.4
SO16,NHS Hampshire and Isle of Wight ICB,6,177,160,90.4
SY4,"NHS Shropshire, Telford and Wrekin ICB",3,52,47,90.4
BN44,NHS Sussex ICB,1,21,19,90.5
EN9,NHS Hertfordshire and West Essex ICB,2,63,57,90.5
GL5,NHS Gloucestershire ICB,3,63,57,90.5
GU4,NHS Surrey Heartlands ICB,1,21,19,90.5
LE4,"NHS Leicester, Leicestershire and Rutland ICB",12,231,209,90.5
NG21,NHS Nottingham and Nottinghamshire ICB,4,63,57,90.5
OL5,NHS Greater Manchester ICB,3,42,38,90.5
PE12,NHS Lincolnshire ICB,4,74,67,90.5
RH20,NHS Sussex ICB,2,42,38,90.5
S41,NHS Derby and Derbyshire ICB,2,42,38,90.5
TS6,NHS North East and North Cumbria ICB,2,116,105,90.5
WV7,"NHS Shropshire, Telford and Wrekin ICB",1,21,19,90.5
YO26,NHS Humber and North Yorkshire ICB,1,21,19,90.5
CV10,NHS Coventry and Warwickshire ICB,5,96,87,90.6
CW9,NHS Cheshire and Merseyside ICB,4,96,87,90.6
LE3,"NHS Leicester, Leicestershire and Rutland ICB",13,254,230,90.6
OX15,"NHS Buckinghamshire, Oxfordshire and Berkshire West ICB",3,53,48,90.6
OX16,"NHS Buckinghamshire, Oxfordshire and Berkshire West ICB",4,191,173,90.6
OX5,"NHS Buckinghamshire, Oxfordshire and Berkshire West ICB",3,53,48,90.6
RH13,NHS Sussex ICB,2,32,29,90.6
SS5,NHS Mid and South Essex ICB,3,53,48,90.6
TS28,NHS North East and North Cumbria ICB,2,53,48,90.6
BH3,NHS Dorset ICB,1,43,39,90.7
BL6,NHS Greater Manchester ICB,2,54,49,90.7
BR6,NHS South East London ICB,7,118,107,90.7
BS22,"NHS Bristol, North Somerset and South Gloucestershire ICB",2,43,39,90.7
CW5,NHS Cheshire and Merseyside ICB,4,54,49,90.7
DN33,NHS Humber and North Yorkshire ICB,1,54,49,90.7
DN7,NHS South Yorkshire ICB,3,75,68,90.7
FY7,NHS Lancashire and South Cumbria ICB,3,54,49,90.7
PE7,NHS Cambridgeshire and Peterborough ICB,3,150,136,90.7
PO36,NHS Hampshire and Isle of Wight ICB,1,43,39,90.7
SK17,NHS Derby and Derbyshire ICB,2,54,49,90.7
UB2,NHS North West London ICB,6,151,137,90.7
CH65,NHS Cheshire and Merseyside ICB,4,98,89,90.8
NN6,NHS Northamptonshire ICB,4,65,59,90.8
NR30,NHS Norfolk and Waveney ICB,2,87,79,90.8
PL4,NHS Devon ICB,3,98,89,90.8
RG22,NHS Hampshire and Isle of Wight ICB,1,130,118,90.8
RG40,"NHS Buckinghamshire, Oxfordshire and Berkshire West ICB",2,98,89,90.8
SO15,NHS Hampshire and Isle of Wight ICB,6,98,89,90.8
ST3,NHS Staffordshire and Stoke-on-Trent ICB,10,207,188,90.8
TS24,NHS North East and North Cumbria ICB,6,120,109,90.8
AL3,NHS Hertfordshire and West Essex ICB,3,88,80,90.9
BH15,NHS Dorset ICB,3,88,80,90.9
CA16,NHS North East and North Cumbria ICB,1,11,10,90.9
EX22,NHS Devon ICB,2,33,30,90.9
HD4,NHS West Yorkshire ICB,2,22,20,90.9
HG4,NHS Humber and North Yorkshire ICB,4,44,40,90.9
HU9,NHS Humber and North Yorkshire ICB,4,186,169,90.9
LA17,NHS Lancashire and South Cumbria ICB,1,11,10,90.9
LN9,NHS Lincolnshire ICB,1,11,10,90.9
MK2,"NHS Bedfordshire, Luton and Milton Keynes ICB",3,110,100,90.9
PL23,NHS Cornwall and the Isles of Scilly ICB,1,11,10,90.9
PR5,NHS Lancashire and South Cumbria ICB,5,66,60,90.9
SE22,NHS South East London ICB,5,121,110,90.9
SE27,NHS South East London ICB,2,55,50,90.9
SO18,NHS Hampshire and Isle of Wight ICB,1,55,50,90.9
TS13,NHS North East and North Cumbria ICB,1,11,10,90.9
WA9,NHS Cheshire and Merseyside ICB,6,154,140,90.9
CT5,NHS Kent and Medway ICB,1,78,71,91.0
CT6,NHS Kent and Medway ICB,2,67,61,91.0
DY3,NHS Black Country ICB,5,100,91,91.0
NR3,NHS Norfolk and Waveney ICB,6,122,111,91.0
SK15,NHS Greater Manchester ICB,4,78,71,91.0
TF3,"NHS Shropshire, Telford and Wrekin ICB",3,211,192,91.0
B34,NHS Birmingham and Solihull ICB,3,45,41,91.1
BN16,NHS Sussex ICB,3,56,51,91.1
DE22,NHS Derby and Derbyshire ICB,3,56,51,91.1
DN31,NHS Humber and North Yorkshire ICB,6,79,72,91.1
GL20,NHS Gloucestershire ICB,2,56,51,91.1
GL7,NHS Gloucestershire ICB,5,101,92,91.1
N2,NHS North Central London ICB,3,45,41,91.1
NN10,NHS Northamptonshire ICB,4,90,82,91.1
PO1,NHS Hampshire and Isle of Wight ICB,2,112,102,91.1
PO9,NHS Hampshire and Isle of Wight ICB,4,124,113,91.1
S62,NHS South Yorkshire ICB,3,56,51,91.1
S70,NHS South Yorkshire ICB,7,168,153,91.1
SG11,NHS Hertfordshire and West Essex ICB,1,56,51,91.1
TQ3,NHS Devon ICB,2,56,51,91.1
WA4,NHS Cheshire and Merseyside ICB,4,79,72,91.1
AL10,NHS Hertfordshire and West Essex ICB,3,91,83,91.2
AL6,NHS Hertfordshire and West Essex ICB,1,34,31,91.2
BB8,NHS Lancashire and South Cumbria ICB,2,34,31,91.2
BR7,NHS South East London ICB,1,57,52,91.2
CH60,NHS Cheshire and Merseyside ICB,1,34,31,91.2
HU1,NHS Humber and North Yorkshire ICB,2,57,52,91.2
L34,NHS Cheshire and Merseyside ICB,2,34,31,91.2
MK10,"NHS Bedfordshire, Luton and Milton Keynes ICB",2,102,93,91.2
PE28,NHS Cambridgeshire and Peterborough ICB,4,91,83,91.2
RG27,NHS Hampshire and Isle of Wight ICB,1,34,31,91.2
S20,NHS South Yorkshire ICB,4,80,73,91.2
SG1,NHS Hertfordshire and West Essex ICB,4,227,207,91.2
SW19,NHS South West London ICB,11,240,219,91.2
YO24,NHS Humber and North Yorkshire ICB,4,217,198,91.2
AL2,NHS Hertfordshire and West Essex ICB,3,69,63,91.3
BS39,"NHS Bath and North East Somerset, Swindon and Wiltshire ICB",1,23,21,91.3
CB2,NHS Cambridgeshire and Peterborough ICB,4,92,84,91.3
EX1,NHS Devon ICB,8,172,157,91.3
L17,NHS Cheshire and Merseyside ICB,4,46,42,91.3
ME5,NHS Kent and Medway ICB,5,184,168,91.3
MK40,"NHS Bedfordshire, Luton and Milton Keynes ICB",5,207,189,91.3
PO20,NHS Sussex ICB,4,103,94,91.3
RG45,"NHS Buckinghamshire, Oxfordshire and Berkshire West ICB",1,23,21,91.3
WS15,NHS Staffordshire and Stoke-on-Trent ICB,5,69,63,91.3
WS3,NHS Black Country ICB,10,172,157,91.3
CT16,NHS Kent and Medway ICB,4,93,85,91.4
DN20,NHS Humber and North Yorkshire ICB,2,58,53,91.4
DY5,NHS Black Country ICB,5,128,117,91.4
ME14,NHS Kent and Medway ICB,2,58,53,91.4
OX3,"NHS Buckinghamshire, Oxfordshire and Berkshire West ICB",2,81,74,91.4
PR7,NHS Lancashire and South Cumbria ICB,8,174,159,91.4
SG3,NHS Hertfordshire and West Essex ICB,1,35,32,91.4
SL9,"NHS Buckinghamshire, Oxfordshire and Berkshire West ICB",3,70,64,91.4
SM7,NHS Surrey Heartlands ICB,2,35,32,91.4
ST19,NHS Staffordshire and Stoke-on-Trent ICB,2,35,32,91.4
TR1,NHS Cornwall and the Isles of Scilly ICB,2,70,64,91.4
BS16,"NHS Bristol, North Somerset and South Gloucestershire ICB",6,236,216,91.5
CW8,NHS Cheshire and Merseyside ICB,3,59,54,91.5
HG2,NHS Humber and North Yorkshire ICB,2,47,43,91.5
LN6,NHS Lincolnshire ICB,4,117,107,91.5
LS28,NHS West Yorkshire ICB,5,130,119,91.5
NE33,NHS North East and North Cumbria ICB,6,106,97,91.5
PE27,NHS Cambridgeshire and Peterborough ICB,3,71,65,91.5
PL6,NHS Devon ICB,3,59,54,91.5
SR5,NHS North East and North Cumbria ICB,2,47,43,91.5
SS9,NHS Mid and South Essex ICB,5,130,119,91.5
TQ12,NHS Devon ICB,6,106,97,91.5
DN6,NHS South Yorkshire ICB,3,95,87,91.6
WS13,NHS Staffordshire and Stoke-on-Trent ICB,2,107,98,91.6
B47,NHS Herefordshire and Worcestershire ICB,2,36,33,91.7
BA22,NHS Somerset ICB,2,12,11,91.7
BH7,NHS Dorset ICB,1,12,11,91.7
BS4,"NHS Bristol, North Somerset and South Gloucestershire ICB",5,181,166,91.7
CA10,NHS North East and North Cumbria ICB,3,24,22,91.7
DE4,NHS Derby and Derbyshire ICB,4,48,44,91.7
DL16,NHS North East and North Cumbria ICB,2,72,66,91.7
DN5,NHS South Yorkshire ICB,5,96,88,91.7
DY2,NHS Black Country ICB,5,84,77,91.7
EX7,NHS Devon ICB,1,36,33,91.7
GU15,NHS Frimley ICB,3,84,77,91.7
HP17,"NHS Buckinghamshire, Oxfordshire and Berkshire West ICB",1,24,22,91.7
IP25,NHS Norfolk and Waveney ICB,2,36,33,91.7
IP3,NHS Suffolk and North East Essex ICB,3,109,100,91.7
L40,NHS Lancashire and South Cumbria ICB,3,36,33,91.7
LN13,NHS Lincolnshire ICB,1,12,11,91.7
LS4,NHS West Yorkshire ICB,1,12,11,91.7
NR25,NHS Norfolk and Waveney ICB,1,24,22,91.7
OX10,"NHS Buckinghamshire, Oxfordshire and Berkshire West ICB",3,60,55,91.7
OX17,"NHS Buckinghamshire, Oxfordshire and Berkshire West ICB",1,12,11,91.7
PE15,NHS Cambridgeshire and Peterborough ICB,4,84,77,91.7
PE2,NHS Cambridgeshire and Peterborough ICB,4,121,111,91.7
PO19,NHS Sussex ICB,4,96,88,91.7
RG6,"NHS Buckinghamshire, Oxfordshire and Berkshire West ICB",2,96,88,91.7
RH16,NHS Sussex ICB,4,84,77,91.7
RM7,NHS North East London ICB,4,72,66,91.7
S7,NHS South Yorkshire ICB,1,24,22,91.7
SG17,"NHS Bedfordshire, Luton and Milton Keynes ICB",1,60,55,91.7
SN25,"NHS Bath and North East Somerset, Swindon and Wiltshire ICB",2,96,88,91.7
TA7,NHS Somerset ICB,1,24,22,91.7
TW20,Multiple regions,2,48,44,91.7
WA13,NHS Cheshire and Merseyside ICB,2,36,33,91.7
B63,NHS Black Country ICB,4,61,56,91.8
B69,NHS Black Country ICB,3,98,90,91.8
BH6,NHS Dorset ICB,3,49,45,91.8
CH63,NHS Cheshire and Merseyside ICB,4,49,45,91.8
CM6,NHS Hertfordshire and West Essex ICB,3,73,67,91.8
CO9,NHS Mid and South Essex ICB,2,61,56,91.8
CV5,NHS Coventry and Warwickshire ICB,4,61,56,91.8
EX5,NHS Devon ICB,3,49,45,91.8
KT3,NHS South West London ICB,4,85,78,91.8
PO12,NHS Hampshire and Isle of Wight ICB,2,110,101,91.8
RH1,NHS Surrey Heartlands ICB,4,147,135,91.8
RH4,NHS Surrey Heartlands ICB,2,49,45,91.8
SE24,NHS South East London ICB,4,98,90,91.8
SK6,NHS Greater Manchester ICB,9,146,134,91.8
SN7,"NHS Buckinghamshire, Oxfordshire and Berkshire West ICB",1,61,56,91.8
SS4,NHS Mid and South Essex ICB,3,85,78,91.8
BN24,NHS Sussex ICB,1,37,34,91.9
CH4,NHS Cheshire and Merseyside ICB,2,37,34,91.9
DL3,NHS North East and North Cumbria ICB,5,172,158,91.9
LN4,NHS Lincolnshire ICB,6,86,79,91.9
MK45,"NHS Bedfordshire, Luton and Milton Keynes ICB",4,99,91,91.9
NE32,NHS North East and North Cumbria ICB,4,37,34,91.9
NR13,NHS Norfolk and Waveney ICB,3,37,34,91.9
SL7,"NHS Buckinghamshire, Oxfordshire and Berkshire West ICB",1,62,57,91.9
SW12,NHS South West London ICB,3,74,68,91.9
TN25,NHS Kent and Medway ICB,2,37,34,91.9
WR11,NHS Herefordshire and Worcestershire ICB,4,74,68,91.9
AL1,NHS Hertfordshire and West Essex ICB,3,100,92,92.0
B49,NHS Coventry and Warwickshire ICB,2,25,23,92.0
BD13,NHS West Yorkshire ICB,1,50,46,92.0
BD5,NHS West Yorkshire ICB,3,75,69,92.0
BH17,NHS Dorset ICB,2,50,46,92.0
BN7,NHS Sussex ICB,1,50,46,92.0
CH62,NHS Cheshire and Merseyside ICB,3,75,69,92.0
CW2,NHS Cheshire and Merseyside ICB,1,50,46,92.0
DL17,NHS North East and North Cumbria ICB,2,50,46,92.0
EX10,NHS Devon ICB,1,25,23,92.0
GL18,NHS Gloucestershire ICB,1,25,23,92.0
NE34,NHS North East and North Cumbria ICB,3,87,80,92.0
PE16,NHS Cambridgeshire and Peterborough ICB,1,25,23,92.0
S25,NHS South Yorkshire ICB,1,50,46,92.0
S42,NHS Derby and Derbyshire ICB,3,50,46,92.0
WF1,NHS West Yorkshire ICB,6,200,184,92.0
YO21,NHS Humber and North Yorkshire ICB,2,25,23,92.0
BN8,NHS Sussex ICB,1,38,35,92.1
CW7,NHS Cheshire and Merseyside ICB,5,101,93,92.1
IP11,NHS Suffolk and North East Essex ICB,3,38,35,92.1
IP22,Multiple regions,3,38,35,92.1
KT4,Multiple regions,2,38,35,92.1
LS16,NHS West Yorkshire ICB,2,101,93,92.1
NG14,NHS Nottingham and Nottinghamshire ICB,2,38,35,92.1
NG18,NHS Nottingham and Nottinghamshire ICB,6,126,116,92.1
NR12,NHS Norfolk and Waveney ICB,3,38,35,92.1
SG18,"NHS Bedfordshire, Luton and Milton Keynes ICB",2,89,82,92.1
SN4,"NHS Bath and North East Somerset, Swindon and Wiltshire ICB",3,76,70,92.1
SP11,"NHS Bath and North East Somerset, Swindon and Wiltshire ICB",1,38,35,92.1
CW1,NHS Cheshire and Merseyside ICB,5,219,202,92.2
EN10,NHS Hertfordshire and West Essex ICB,2,51,47,92.2
KT9,NHS South West London ICB,3,51,47,92.2
NN14,NHS Northamptonshire ICB,3,90,83,92.2
NR31,NHS Norfolk and Waveney ICB,3,103,95,92.2
RG26,NHS Hampshire and Isle of Wight ICB,2,77,71,92.2
RG5,"NHS Buckinghamshire, Oxfordshire and Berkshire West ICB",2,51,47,92.2
SN3,"NHS Bath and North East Somerset, Swindon and Wiltshire ICB",5,206,190,92.2
WA8,NHS Cheshire and Merseyside ICB,8,153,141,92.2
WS9,NHS Black Country ICB,4,64,59,92.2
BN22,NHS Sussex ICB,3,91,84,92.3
CA8,NHS North East and North Cumbria ICB,1,26,24,92.3
CH43,NHS Cheshire and Merseyside ICB,4,52,48,92.3
CW3,NHS Staffordshire and Stoke-on-Trent ICB,1,13,12,92.3
EX8,NHS Devon ICB,3,65,60,92.3
HP18,"NHS Buckinghamshire, Oxfordshire and Berkshire West ICB",2,104,96,92.3
KT1,NHS South West London ICB,1,13,12,92.3
LS25,Multiple regions,6,155,143,92.3
NE6,NHS North East and North Cumbria ICB,6,130,120,92.3
NG1,NHS Nottingham and Nottinghamshire ICB,2,39,36,92.3
NN9,NHS Northamptonshire ICB,3,52,48,92.3
NR19,NHS Norfolk and Waveney ICB,2,52,48,92.3
NR6,NHS Norfolk and Waveney ICB,2,39,36,92.3
PO17,NHS Hampshire and Isle of Wight ICB,1,26,24,92.3
PO6,NHS Hampshire and Isle of Wight ICB,1,52,48,92.3
S17,NHS South Yorkshire ICB,1,39,36,92.3
SG5,Multiple regions,3,130,120,92.3
SO53,NHS Hampshire and Isle of Wight ICB,2,52,48,92.3
ST18,NHS Staffordshire and Stoke-on-Trent ICB,1,13,12,92.3
TN19,NHS Sussex ICB,1,13,12,92.3
TQ4,NHS Devon ICB,2,52,48,92.3
B97,NHS Herefordshire and Worcestershire ICB,7,158,146,92.4
BL2,NHS Greater Manchester ICB,5,105,97,92.4
CB11,NHS Hertfordshire and West Essex ICB,2,66,61,92.4
CO5,Multiple regions,4,79,73,92.4
DL15,NHS North East and North Cumbria ICB,2,66,61,92.4
GU1,NHS Surrey Heartlands ICB,3,66,61,92.4
SR8,NHS North East and North Cumbria ICB,2,66,61,92.4
YO32,NHS Humber and North Yorkshire ICB,2,79,73,92.4
BS30,"NHS Bristol, North Somerset and South Gloucestershire ICB",3,67,62,92.5
CM1,NHS Mid and South Essex ICB,4,133,123,92.5
GU14,NHS Frimley ICB,6,161,149,92.5
HU17,NHS Humber and North Yorkshire ICB,5,146,135,92.5
NR18,NHS Norfolk and Waveney ICB,2,53,49,92.5
SL4,NHS Frimley ICB,4,93,86,92.5
TN13,NHS Kent and Medway ICB,4,93,86,92.5
BN15,NHS Sussex ICB,3,54,50,92.6
CB23,NHS Cambridgeshire and Peterborough ICB,5,95,88,92.6
CB6,NHS Cambridgeshire and Peterborough ICB,4,81,75,92.6
CV23,NHS Coventry and Warwickshire ICB,2,27,25,92.6
DT10,NHS Dorset ICB,1,54,50,92.6
GL14,NHS Gloucestershire ICB,2,27,25,92.6
GU34,NHS Hampshire and Isle of Wight ICB,4,81,75,92.6
IP4,NHS Suffolk and North East Essex ICB,3,135,125,92.6
NE65,NHS North East and North Cumbria ICB,2,27,25,92.6
SO50,NHS Hampshire and Isle of Wight ICB,4,121,112,92.6
ST16,NHS Staffordshire and Stoke-on-Trent ICB,4,122,113,92.6
SY1,"NHS Shropshire, Telford and Wrekin ICB",3,68,63,92.6
TF2,"NHS Shropshire, Telford and Wrekin ICB",2,68,63,92.6
WF10,NHS West Yorkshire ICB,5,122,113,92.6
DE7,NHS Derby and Derbyshire ICB,7,137,127,92.7
DN18,NHS Humber and North Yorkshire ICB,2,55,51,92.7
RH19,NHS Sussex ICB,1,41,38,92.7
SG14,NHS Hertfordshire and West Essex ICB,3,109,101,92.7
B38,NHS Birmingham and Solihull ICB,3,69,64,92.8
GL52,NHS Gloucestershire ICB,5,138,128,92.8
NE3,NHS North East and North Cumbria ICB,5,111,103,92.8
NG34,NHS Lincolnshire ICB,3,69,64,92.8
PE29,NHS Cambridgeshire and Peterborough ICB,3,97,90,92.8
TS17,NHS North East and North Cumbria ICB,3,125,116,92.8
AL7,NHS Hertfordshire and West Essex ICB,3,127,118,92.9
B60,NHS Herefordshire and Worcestershire ICB,1,28,26,92.9
CH49,NHS Cheshire and Merseyside ICB,4,56,52,92.9
CM23,NHS Hertfordshire and West Essex ICB,3,113,105,92.9
CV35,NHS Coventry and Warwickshire ICB,3,56,52,92.9
DE72,NHS Derby and Derbyshire ICB,1,14,13,92.9
EX14,NHS Devon ICB,1,28,26,92.9
EX18,NHS Devon ICB,1,14,13,92.9
GU2,NHS Surrey Heartlands ICB,2,70,65,92.9
HD6,NHS West Yorkshire ICB,4,56,52,92.9
IP20,NHS Norfolk and Waveney ICB,1,14,13,92.9
IP27,NHS Suffolk and North East Essex ICB,3,28,26,92.9
IP32,NHS Suffolk and North East Essex ICB,1,42,39,92.9
LE13,"NHS Leicester, Leicestershire and Rutland ICB",1,85,79,92.9
LS26,NHS West Yorkshire ICB,2,113,105,92.9
MK11,"NHS Bedfordshire, Luton and Milton Keynes ICB",2,99,92,92.9
NE66,NHS North East and North Cumbria ICB,1,14,13,92.9
OX29,"NHS Buckinghamshire, Oxfordshire and Berkshire West ICB",1,28,26,92.9
PL5,NHS Devon ICB,4,140,130,92.9
SS3,NHS Mid and South Essex ICB,3,42,39,92.9
TN32,NHS Sussex ICB,1,14,13,92.9
TQ10,NHS Devon ICB,1,14,13,92.9
WS6,NHS Staffordshire and Stoke-on-Trent ICB,3,42,39,92.9
BS3,"NHS Bristol, North Somerset and South Gloucestershire ICB",2,129,120,93.0
LS19,NHS West Yorkshire ICB,3,71,66,93.0
ME2,NHS Kent and Medway ICB,4,71,66,93.0
NE21,NHS North East and North Cumbria ICB,3,43,40,93.0
PE38,NHS Norfolk and Waveney ICB,3,43,40,93.0
PL26,NHS Cornwall and the Isles of Scilly ICB,2,43,40,93.0
RG12,NHS Frimley ICB,7,301,280,93.0
SN12,"NHS Bath and North East Somerset, Swindon and Wiltshire ICB",2,71,66,93.0
ST7,Multiple regions,7,100,93,93.0
AL5,NHS Hertfordshire and West Essex ICB,3,87,81,93.1
BA14,"NHS Bath and North East Somerset, Swindon and Wiltshire ICB",2,87,81,93.1
BH23,Multiple regions,6,87,81,93.1
BS11,"NHS Bristol, North Somerset and South Gloucestershire ICB",1,29,27,93.1
CH45,NHS Cheshire and Merseyside ICB,5,58,54,93.1
CV9,NHS Coventry and Warwickshire ICB,2,58,54,93.1
GL15,NHS Gloucestershire ICB,4,87,81,93.1
HX3,NHS West Yorkshire ICB,2,58,54,93.1
IP33,NHS Suffolk and North East Essex ICB,4,87,81,93.1
KT8,NHS Surrey Heartlands ICB,2,58,54,93.1
M46,NHS Greater Manchester ICB,3,58,54,93.1
S75,NHS South Yorkshire ICB,3,87,81,93.1
SK22,NHS Derby and Derbyshire ICB,2,29,27,93.1
SK3,NHS Greater Manchester ICB,2,72,67,93.1
SP5,"NHS Bath and North East Somerset, Swindon and Wiltshire ICB",2,29,27,93.1
SW13,NHS South West London ICB,2,58,54,93.1
WD3,NHS Hertfordshire and West Essex ICB,3,87,81,93.1
CM24,NHS Hertfordshire and West Essex ICB,1,44,41,93.2
FY3,NHS Lancashire and South Cumbria ICB,3,74,69,93.2
FY6,NHS Lancashire and South Cumbria ICB,3,44,41,93.2
GL50,NHS Gloucestershire ICB,7,161,150,93.2
ME13,NHS Kent and Medway ICB,2,74,69,93.2
NE29,NHS North East and North Cumbria ICB,4,118,110,93.2
RH12,NHS Sussex ICB,5,206,192,93.2
SM3,NHS South West London ICB,4,74,69,93.2
TA4,NHS Somerset ICB,3,44,41,93.2
WR10,NHS Herefordshire and Worcestershire ICB,2,44,41,93.2
BS10,"NHS Bristol, North Somerset and South Gloucestershire ICB",2,104,97,93.3
CB25,NHS Cambridgeshire and Peterborough ICB,3,75,70,93.3
CB7,NHS Cambridgeshire and Peterborough ICB,2,89,83,93.3
CT7,NHS Kent and Medway ICB,1,15,14,93.3
DA15,NHS South East London ICB,1,30,28,93.3
HP10,"NHS Buckinghamshire, Oxfordshire and Berkshire West ICB",1,30,28,93.3
IP21,Multiple regions,2,15,14,93.3
L37,NHS Cheshire and Merseyside ICB,2,45,42,93.3
LE17,"NHS Leicester, Leicestershire and Rutland ICB",3,60,56,93.3
LE19,"NHS Leicester, Leicestershire and Rutland ICB",2,45,42,93.3
LE65,"NHS Leicester, Leicestershire and Rutland ICB",1,30,28,93.3
MK41,"NHS Bedfordshire, Luton and Milton Keynes ICB",2,60,56,93.3
NE15,NHS North East and North Cumbria ICB,3,60,56,93.3
NG13,Multiple regions,2,15,14,93.3
NR11,NHS Norfolk and Waveney ICB,2,30,28,93.3
PE22,NHS Lincolnshire ICB,2,15,14,93.3
PL29,NHS Cornwall and the Isles of Scilly ICB,1,15,14,93.3
PO14,NHS Hampshire and Isle of Wight ICB,1,15,14,93.3
PO2,NHS Hampshire and Isle of Wight ICB,2,178,166,93.3
S43,NHS Derby and Derbyshire ICB,4,89,83,93.3
TR7,NHS Cornwall and the Isles of Scilly ICB,2,60,56,93.3
TS15,NHS North East and North Cumbria ICB,1,30,28,93.3
WA3,Multiple regions,8,105,98,93.3
WN8,NHS Lancashire and South Cumbria ICB,6,135,126,93.3
WS7,NHS Staffordshire and Stoke-on-Trent ICB,2,75,70,93.3
WV11,Multiple regions,3,45,42,93.3
WV5,NHS Staffordshire and Stoke-on-Trent ICB,3,30,28,93.3
BH10,NHS Dorset ICB,2,61,57,93.4
CO10,NHS Suffolk and North East Essex ICB,3,76,71,93.4
GL2,NHS Gloucestershire ICB,3,76,71,93.4
LE18,"NHS Leicester, Leicestershire and Rutland ICB",3,76,71,93.4
OX12,"NHS Buckinghamshire, Oxfordshire and Berkshire West ICB",2,122,114,93.4
WA12,NHS Cheshire and Merseyside ICB,3,76,71,93.4
BN27,NHS Sussex ICB,4,107,100,93.5
DN40,NHS Humber and North Yorkshire ICB,1,92,86,93.5
DT6,NHS Dorset ICB,1,31,29,93.5
DY11,NHS Herefordshire and Worcestershire ICB,3,93,87,93.5
KT21,NHS Surrey Heartlands ICB,2,46,43,93.5
L69,NHS Cheshire and Merseyside ICB,1,31,29,93.5
LS5,NHS West Yorkshire ICB,2,31,29,93.5
PO10,Multiple regions,2,46,43,93.5
TN30,NHS Kent and Medway ICB,1,31,29,93.5
ME18,NHS Kent and Medway ICB,2,47,44,93.6
MK7,"NHS Bedfordshire, Luton and Milton Keynes ICB",1,47,44,93.6
OX26,"NHS Buckinghamshire, Oxfordshire and Berkshire West ICB",3,141,132,93.6
TW11,NHS South West London ICB,2,47,44,93.6
DH8,NHS North East and North Cumbria ICB,3,95,89,93.7
S13,NHS South Yorkshire ICB,3,79,74,93.7
S63,NHS South Yorkshire ICB,5,111,104,93.7
WR9,NHS Herefordshire and Worcestershire ICB,4,95,89,93.7
B94,NHS Coventry and Warwickshire ICB,2,16,15,93.8
BA7,NHS Somerset ICB,1,16,15,93.8
BS27,NHS Somerset ICB,1,16,15,93.8
BS34,"NHS Bristol, North Somerset and South Gloucestershire ICB",2,145,136,93.8
CT8,NHS Kent and Medway ICB,1,16,15,93.8
CV22,NHS Coventry and Warwickshire ICB,1,16,15,93.8
DA6,NHS South East London ICB,1,32,30,93.8
DT1,NHS Dorset ICB,5,80,75,93.8
GL6,NHS Gloucestershire ICB,4,48,45,93.8
GU5,NHS Surrey Heartlands ICB,2,32,30,93.8
HP5,"NHS Buckinghamshire, Oxfordshire and Berkshire West ICB",3,80,75,93.8
HR5,NHS Herefordshire and Worcestershire ICB,1,16,15,93.8
LA23,NHS Lancashire and South Cumbria ICB,2,16,15,93.8
LE67,"NHS Leicester, Leicestershire and Rutland ICB",8,161,151,93.8
M19,NHS Greater Manchester ICB,4,97,91,93.8
NG17,NHS Nottingham and Nottinghamshire ICB,10,194,182,93.8
PE34,NHS Norfolk and Waveney ICB,1,16,15,93.8
PL17,NHS Cornwall and the Isles of Scilly ICB,1,32,30,93.8
PL9,NHS Devon ICB,2,32,30,93.8
PR26,NHS Lancashire and South Cumbria ICB,2,32,30,93.8
S36,NHS South Yorkshire ICB,4,65,61,93.8
S71,NHS South Yorkshire ICB,5,65,61,93.8
SG8,NHS Cambridgeshire and Peterborough ICB,2,32,30,93.8
SR6,NHS North East and North Cumbria ICB,3,32,30,93.8
TN5,NHS Sussex ICB,1,16,15,93.8
TR6,NHS Cornwall and the Isles of Scilly ICB,1,16,15,93.8
WA5,NHS Cheshire and Merseyside ICB,5,96,90,93.8
YO23,NHS Humber and North Yorkshire ICB,1,16,15,93.8
YO62,NHS Humber and North Yorkshire ICB,3,32,30,93.8
BD22,NHS West Yorkshire ICB,1,179,168,93.9
CA1,NHS North East and North Cumbria ICB,4,164,154,93.9
DL2,NHS North East and North Cumbria ICB,3,49,46,93.9
PE9,NHS Lincolnshire ICB,1,33,31,93.9
PO13,NHS Hampshire and Isle of Wight ICB,3,82,77,93.9
SP1,"NHS Bath and North East Somerset, Swindon and Wiltshire ICB",2,99,93,93.9
WF3,NHS West Yorkshire ICB,3,66,62,93.9
BL5,NHS Greater Manchester ICB,2,67,63,94.0
DH9,NHS North East and North Cumbria ICB,4,83,78,94.0
FY8,NHS Lancashire and South Cumbria ICB,5,83,78,94.0
GU7,NHS Surrey Heartlands ICB,2,67,63,94.0
LN2,NHS Lincolnshire ICB,6,117,110,94.0
NN13,NHS Northamptonshire ICB,2,67,63,94.0
PR3,NHS Lancashire and South Cumbria ICB,4,116,109,94.0
ST2,NHS Staffordshire and Stoke-on-Trent ICB,3,50,47,94.0
WR5,NHS Herefordshire and Worcestershire ICB,2,84,79,94.0
BA1,"NHS Bath and North East Somerset, Swindon and Wiltshire ICB",3,51,48,94.1
BB18,NHS Lancashire and South Cumbria ICB,2,51,48,94.1
CB9,NHS Suffolk and North East Essex ICB,2,101,95,94.1
DY8,NHS Black Country ICB,3,118,111,94.1
EX23,NHS Cornwall and the Isles of Scilly ICB,2,34,32,94.1
GU23,NHS Surrey Heartlands ICB,1,17,16,94.1
SE4,NHS South East London ICB,1,17,16,94.1
ST11,NHS Staffordshire and Stoke-on-Trent ICB,1,17,16,94.1
ST13,NHS Staffordshire and Stoke-on-Trent ICB,3,68,64,94.1
GU22,NHS Surrey Heartlands ICB,6,156,147,94.2
HP20,"NHS Buckinghamshire, Oxfordshire and Berkshire West ICB",2,86,81,94.2
NR8,NHS Norfolk and Waveney ICB,2,52,49,94.2
PE3,NHS Cambridgeshire and Peterborough ICB,4,69,65,94.2
BA3,Multiple regions,5,87,82,94.3
CH46,NHS Cheshire and Merseyside ICB,5,70,66,94.3
DL8,NHS Humber and North Yorkshire ICB,3,35,33,94.3
LA14,NHS Lancashire and South Cumbria ICB,6,88,83,94.3
NE11,NHS North East and North Cumbria ICB,1,35,33,94.3
PL12,NHS Cornwall and the Isles of Scilly ICB,3,35,33,94.3
PL14,NHS Cornwall and the Isles of Scilly ICB,2,53,50,94.3
ST10,NHS Staffordshire and Stoke-on-Trent ICB,3,35,33,94.3
TQ13,NHS Devon ICB,4,53,50,94.3
TS16,NHS North East and North Cumbria ICB,1,35,33,94.3
BA9,NHS Somerset ICB,1,18,17,94.4
BS24,"NHS Bristol, North Somerset and South Gloucestershire ICB",1,18,17,94.4
BS48,"NHS Bristol, North Somerset and South Gloucestershire ICB",1,71,67,94.4
CO7,NHS Suffolk and North East Essex ICB,5,89,84,94.4
DH1,NHS North East and North Cumbria ICB,4,71,67,94.4
EX32,NHS Devon ICB,3,89,84,94.4
FY2,NHS Lancashire and South Cumbria ICB,2,54,51,94.4
GL53,NHS Gloucestershire ICB,1,18,17,94.4
GU29,NHS Sussex ICB,1,18,17,94.4
HG1,NHS Humber and North Yorkshire ICB,4,124,117,94.4
M33,NHS Greater Manchester ICB,5,142,134,94.4
OX1,"NHS Buckinghamshire, Oxfordshire and Berkshire West ICB",3,36,34,94.4
S12,NHS South Yorkshire ICB,3,36,34,94.4
SP2,"NHS Bath and North East Somerset, Swindon and Wiltshire ICB",3,107,101,94.4
ST17,NHS Staffordshire and Stoke-on-Trent ICB,3,72,68,94.4
TN31,NHS Sussex ICB,3,18,17,94.4
TR2,NHS Cornwall and the Isles of Scilly ICB,1,18,17,94.4
TR5,NHS Cornwall and the Isles of Scilly ICB,1,18,17,94.4
WR8,NHS Herefordshire and Worcestershire ICB,1,18,17,94.4
BN14,NHS Sussex ICB,3,110,104,94.5
BN43,NHS Sussex ICB,1,73,69,94.5
LE8,"NHS Leicester, Leicestershire and Rutland ICB",4,109,103,94.5
MK3,"NHS Bedfordshire, Luton and Milton Keynes ICB",2,91,86,94.5
NE61,NHS North East and North Cumbria ICB,5,146,138,94.5
PL7,NHS Devon ICB,2,145,137,94.5
S61,NHS South Yorkshire ICB,4,55,52,94.5
S80,Multiple regions,4,91,86,94.5
TN2,NHS Kent and Medway ICB,3,55,52,94.5
WR14,NHS Herefordshire and Worcestershire ICB,4,73,69,94.5
DE11,NHS Derby and Derbyshire ICB,5,149,141,94.6
DE75,NHS Derby and Derbyshire ICB,3,74,70,94.6
DT9,Multiple regions,3,37,35,94.6
E20,NHS North East London ICB,1,56,53,94.6
HR1,NHS Herefordshire and Worcestershire ICB,4,168,159,94.6
KT18,NHS Surrey Heartlands ICB,2,56,53,94.6
LE7,"NHS Leicester, Leicestershire and Rutland ICB",4,93,88,94.6
OL2,NHS Greater Manchester ICB,4,92,87,94.6
TA8,NHS Somerset ICB,1,56,53,94.6
CT13,NHS Kent and Medway ICB,1,19,18,94.7
CW11,NHS Cheshire and Merseyside ICB,1,76,72,94.7
CW4,NHS Cheshire and Merseyside ICB,1,19,18,94.7
DH3,NHS North East and North Cumbria ICB,4,75,71,94.7
LA1,NHS Lancashire and South Cumbria ICB,2,114,108,94.7
LS24,NHS Humber and North Yorkshire ICB,1,19,18,94.7
NE35,NHS North East and North Cumbria ICB,2,19,18,94.7
NE40,NHS North East and North Cumbria ICB,1,38,36,94.7
NR7,NHS Norfolk and Waveney ICB,2,38,36,94.7
OX14,"NHS Buckinghamshire, Oxfordshire and Berkshire West ICB",5,114,108,94.7
SK11,NHS Cheshire and Merseyside ICB,7,113,107,94.7
SP8,NHS Dorset ICB,1,19,18,94.7
TF9,Multiple regions,2,57,54,94.7
TN24,NHS Kent and Medway ICB,3,227,215,94.7
WA1,NHS Cheshire and Merseyside ICB,7,95,90,94.7
WF6,NHS West Yorkshire ICB,3,57,54,94.7
YO18,NHS Humber and North Yorkshire ICB,1,19,18,94.7
DE55,NHS Derby and Derbyshire ICB,6,154,146,94.8
DH4,NHS North East and North Cumbria ICB,6,97,92,94.8
EX4,NHS Devon ICB,4,96,91,94.8
HD7,NHS West Yorkshire ICB,3,58,55,94.8
SR3,NHS North East and North Cumbria ICB,5,77,73,94.8
WA16,NHS Cheshire and Merseyside ICB,1,58,55,94.8
BH20,NHS Dorset ICB,3,39,37,94.9
BN11,NHS Sussex ICB,4,79,75,94.9
DH2,NHS North East and North Cumbria ICB,3,78,74,94.9
KT12,NHS Surrey Heartlands ICB,5,136,129,94.9
NG10,NHS Derby and Derbyshire ICB,5,98,93,94.9
PE37,NHS Norfolk and Waveney ICB,3,39,37,94.9
ST14,NHS Staffordshire and Stoke-on-Trent ICB,2,39,37,94.9
TR14,NHS Cornwall and the Isles of Scilly ICB,2,39,37,94.9
EX33,NHS Devon ICB,1,20,19,95.0
GL3,NHS Gloucestershire ICB,3,101,96,95.0
IP16,NHS Suffolk and North East Essex ICB,1,20,19,95.0
LA5,NHS Lancashire and South Cumbria ICB,1,40,38,95.0
NR15,NHS Norfolk and Waveney ICB,1,20,19,95.0
OX28,"NHS Buckinghamshire, Oxfordshire and Berkshire West ICB",3,101,96,95.0
SM2,NHS South West London ICB,1,20,19,95.0
SO24,NHS Hampshire and Isle of Wight ICB,1,20,19,95.0
SR7,NHS North East and North Cumbria ICB,4,100,95,95.0
BA11,NHS Somerset ICB,2,81,77,95.1
BS37,"NHS Bristol, North Somerset and South Gloucestershire ICB",4,123,117,95.1
DE65,NHS Derby and Derbyshire ICB,2,61,58,95.1
MK13,"NHS Bedfordshire, Luton and Milton Keynes ICB",1,41,39,95.1
NE26,NHS North East and North Cumbria ICB,2,41,39,95.1
NN11,NHS Northamptonshire ICB,3,81,77,95.1
PE19,NHS Cambridgeshire and Peterborough ICB,5,123,117,95.1
PR25,NHS Lancashire and South Cumbria ICB,3,61,58,95.1
RG14,"NHS Buckinghamshire, Oxfordshire and Berkshire West ICB",3,102,97,95.1
RG18,"NHS Buckinghamshire, Oxfordshire and Berkshire West ICB",1,41,39,95.1
S40,NHS Derby and Derbyshire ICB,5,164,156,95.1
DE45,NHS Derby and Derbyshire ICB,2,21,20,95.2
EX15,NHS Devon ICB,3,83,79,95.2
GL54,NHS Gloucestershire ICB,3,42,40,95.2
HD8,NHS West Yorkshire ICB,5,63,60,95.2
HU15,NHS Humber and North Yorkshire ICB,2,104,99,95.2
NE42,NHS North East and North Cumbria ICB,2,21,20,95.2
NR4,NHS Norfolk and Waveney ICB,2,84,80,95.2
PL2,NHS Devon ICB,3,84,80,95.2
S72,NHS South Yorkshire ICB,4,62,59,95.2
SO22,NHS Hampshire and Isle of Wight ICB,2,125,119,95.2
SP6,NHS Hampshire and Isle of Wight ICB,1,21,20,95.2
TW4,NHS North West London ICB,1,21,20,95.2
WN4,Multiple regions,5,63,60,95.2
BA4,NHS Somerset ICB,2,43,41,95.3
BD23,NHS West Yorkshire ICB,1,43,41,95.3
DL14,NHS North East and North Cumbria ICB,4,127,121,95.3
IP2,NHS Suffolk and North East Essex ICB,1,43,41,95.3
WD4,NHS Hertfordshire and West Essex ICB,1,43,41,95.3
CB24,NHS Cambridgeshire and Peterborough ICB,5,108,103,95.4
GU10,NHS Frimley ICB,3,65,62,95.4
HG5,NHS Humber and North Yorkshire ICB,3,65,62,95.4
TN4,NHS Kent and Medway ICB,3,65,62,95.4
UB4,NHS North West London ICB,5,87,83,95.4
WN2,NHS Greater Manchester ICB,5,109,104,95.4
BA15,"NHS Bath and North East Somerset, Swindon and Wiltshire ICB",1,22,21,95.5
BS31,"NHS Bath and North East Somerset, Swindon and Wiltshire ICB",2,66,63,95.5
BS35,"NHS Bristol, North Somerset and South Gloucestershire ICB",3,66,63,95.5
CV36,NHS Coventry and Warwickshire ICB,1,22,21,95.5
DH7,NHS North East and North Cumbria ICB,4,156,149,95.5
DN35,NHS Humber and North Yorkshire ICB,3,67,64,95.5
GL11,NHS Gloucestershire ICB,2,44,42,95.5
LA13,NHS Lancashire and South Cumbria ICB,1,22,21,95.5
LE15,"NHS Leicester, Leicestershire and Rutland ICB",4,67,64,95.5
LE9,"NHS Leicester, Leicestershire and Rutland ICB",6,132,126,95.5
LN12,NHS Lincolnshire ICB,1,22,21,95.5
NE20,NHS North East and North Cumbria ICB,2,44,42,95.5
OX11,"NHS Buckinghamshire, Oxfordshire and Berkshire West ICB",3,155,148,95.5
PL11,NHS Cornwall and the Isles of Scilly ICB,1,22,21,95.5
RG8,"NHS Buckinghamshire, Oxfordshire and Berkshire West ICB",2,44,42,95.5
S35,NHS South Yorkshire ICB,5,67,64,95.5
SN1,"NHS Bath and North East Somerset, Swindon and Wiltshire ICB",3,88,84,95.5
SN9,"NHS Bath and North East Somerset, Swindon and Wiltshire ICB",1,22,21,95.5
SO20,NHS Hampshire and Isle of Wight ICB,1,22,21,95.5
SO31,NHS Hampshire and Isle of Wight ICB,3,133,127,95.5
SO52,NHS Hampshire and Isle of Wight ICB,1,22,21,95.5
ST8,NHS Staffordshire and Stoke-on-Trent ICB,2,44,42,95.5
TS25,NHS North East and North Cumbria ICB,3,66,63,95.5
WF5,NHS West Yorkshire ICB,1,44,42,95.5
CH44,NHS Cheshire and Merseyside ICB,4,68,65,95.6
CV37,NHS Coventry and Warwickshire ICB,4,90,86,95.6
DL5,NHS North East and North Cumbria ICB,3,114,109,95.6
NR1,NHS Norfolk and Waveney ICB,3,68,65,95.6
SP10,NHS Hampshire and Isle of Wight ICB,5,180,172,95.6
SR2,NHS North East and North Cumbria ICB,4,90,86,95.6
SY2,"NHS Shropshire, Telford and Wrekin ICB",2,45,43,95.6
SY3,"NHS Shropshire, Telford and Wrekin ICB",5,90,86,95.6
TA19,NHS Somerset ICB,3,45,43,95.6
TN1,NHS Kent and Medway ICB,2,45,43,95.6
WA14,NHS Greater Manchester ICB,4,91,87,95.6
CV34,NHS Coventry and Warwickshire ICB,4,117,112,95.7
EX13,NHS Devon ICB,1,23,22,95.7
EX17,NHS Devon ICB,2,47,45,95.7
EX36,NHS Devon ICB,1,23,22,95.7
GU8,NHS Surrey Heartlands ICB,3,46,44,95.7
KT14,NHS Surrey Heartlands ICB,3,69,66,95.7
LA9,NHS Lancashire and South Cumbria ICB,3,69,66,95.7
LS21,NHS West Yorkshire ICB,2,46,44,95.7
NR35,NHS Norfolk and Waveney ICB,1,23,22,95.7
OL7,NHS Greater Manchester ICB,3,46,44,95.7
S6,NHS South Yorkshire ICB,7,161,154,95.7
SK7,NHS Greater Manchester ICB,5,115,110,95.7
SN8,"NHS Bath and North East Somerset, Swindon and Wiltshire ICB",3,46,44,95.7
SO17,NHS Hampshire and Isle of Wight ICB,1,23,22,95.7
TF10,"NHS Shropshire, Telford and Wrekin ICB",2,69,66,95.7
YO25,NHS Humber and North Yorkshire ICB,2,46,44,95.7
CO6,NHS Mid and South Essex ICB,2,24,23,95.8
DE56,NHS Derby and Derbyshire ICB,3,48,46,95.8
EX12,NHS Devon ICB,2,24,23,95.8
EX3,NHS Devon ICB,1,24,23,95.8
NE5,NHS North East and North Cumbria ICB,4,96,92,95.8
NG11,NHS Nottingham and Nottinghamshire ICB,4,72,69,95.8
NG12,NHS Nottingham and Nottinghamshire ICB,2,72,69,95.8
RG9,"NHS Buckinghamshire, Oxfordshire and Berkshire West ICB",3,48,46,95.8
TN6,NHS Sussex ICB,3,48,46,95.8
TS10,NHS North East and North Cumbria ICB,5,72,69,95.8
TW16,NHS Surrey Heartlands ICB,1,48,46,95.8
YO43,NHS Humber and North Yorkshire ICB,1,24,23,95.8
PO8,NHS Hampshire and Isle of Wight ICB,4,73,70,95.9
B80,NHS Coventry and Warwickshire ICB,1,25,24,96.0
DE3,NHS Derby and Derbyshire ICB,2,50,48,96.0
GU51,NHS Frimley ICB,1,50,48,96.0
NE24,NHS North East and North Cumbria ICB,2,101,97,96.0
PE8,NHS Cambridgeshire and Peterborough ICB,2,25,24,96.0
SN2,"NHS Bath and North East Somerset, Swindon and Wiltshire ICB",1,25,24,96.0
SR4,NHS North East and North Cumbria ICB,7,126,121,96.0
BH21,NHS Dorset ICB,3,77,74,96.1
EX2,NHS Devon ICB,2,51,49,96.1
RG20,Multiple regions,2,51,49,96.1
S44,NHS Derby and Derbyshire ICB,3,51,49,96.1
TS8,NHS North East and North Cumbria ICB,2,51,49,96.1
CH2,NHS Cheshire and Merseyside ICB,3,78,75,96.2
DH5,NHS North East and North Cumbria ICB,1,26,25,96.2
DY6,NHS Black Country ICB,4,78,75,96.2
NG9,NHS Nottingham and Nottinghamshire ICB,8,132,127,96.2
ST15,NHS Staffordshire and Stoke-on-Trent ICB,2,52,50,96.2
TA12,NHS Somerset ICB,1,26,25,96.2
BA13,"NHS Bath and North East Somerset, Swindon and Wiltshire ICB",1,54,52,96.3
CB22,NHS Cambridgeshire and Peterborough ICB,2,136,131,96.3
DL10,NHS Humber and North Yorkshire ICB,4,27,26,96.3
NG16,NHS Nottingham and Nottinghamshire ICB,6,108,104,96.3
NR21,NHS Norfolk and Waveney ICB,1,27,26,96.3
OL10,NHS Greater Manchester ICB,5,107,103,96.3
RH15,NHS Sussex ICB,3,82,79,96.3
S81,NHS Nottingham and Nottinghamshire ICB,1,81,78,96.3
SK16,NHS Greater Manchester ICB,2,27,26,96.3
TS27,NHS North East and North Cumbria ICB,1,27,26,96.3
BA20,NHS Somerset ICB,3,84,81,96.4
BL0,NHS Greater Manchester ICB,2,28,27,96.4
CV8,NHS Coventry and Warwickshire ICB,3,55,53,96.4
DE6,NHS Derby and Derbyshire ICB,2,28,27,96.4
OX18,Multiple regions,4,83,80,96.4
PO15,NHS Hampshire and Isle of Wight ICB,2,112,108,96.4
S26,NHS South Yorkshire ICB,2,55,53,96.4
SO32,NHS Hampshire and Isle of Wight ICB,1,28,27,96.4
WF14,NHS West Yorkshire ICB,1,28,27,96.4
WR2,NHS Herefordshire and Worcestershire ICB,2,83,80,96.4
CV32,NHS Coventry and Warwickshire ICB,3,57,55,96.5
HP22,"NHS Buckinghamshire, Oxfordshire and Berkshire West ICB",1,85,82,96.5
KT13,NHS Surrey Heartlands ICB,1,57,55,96.5
CA14,NHS North East and North Cumbria ICB,2,88,85,96.6
CO11,NHS Suffolk and North East Essex ICB,2,29,28,96.6
DN14,NHS Humber and North Yorkshire ICB,4,87,84,96.6
LS29,NHS West Yorkshire ICB,4,59,57,96.6
ME20,NHS Kent and Medway ICB,2,58,56,96.6
MK17,"NHS Bedfordshire, Luton and Milton Keynes ICB",1,29,28,96.6
PO16,NHS Hampshire and Isle of Wight ICB,3,59,57,96.6
SN15,"NHS Bath and North East Somerset, Swindon and Wiltshire ICB",2,58,56,96.6
TA2,NHS Somerset ICB,2,29,28,96.6
TN8,NHS Kent and Medway ICB,1,29,28,96.6
WN6,NHS Greater Manchester ICB,4,119,115,96.6
GL17,NHS Gloucestershire ICB,2,30,29,96.7
LE12,Multiple regions,11,209,202,96.7
NN7,NHS Northamptonshire ICB,4,92,89,96.7
PR4,NHS Lancashire and South Cumbria ICB,5,92,89,96.7
WS12,NHS Staffordshire and Stoke-on-Trent ICB,4,60,58,96.7
YO51,NHS Humber and North Yorkshire ICB,1,30,29,96.7
BB7,NHS Lancashire and South Cumbria ICB,4,93,90,96.8
CT14,NHS Kent and Medway ICB,3,62,60,96.8
DT11,NHS Dorset ICB,2,63,61,96.8
GU11,NHS Frimley ICB,3,125,121,96.8
LN8,NHS Lincolnshire ICB,3,31,30,96.8
NE17,NHS North East and North Cumbria ICB,2,31,30,96.8
NE38,NHS North East and North Cumbria ICB,3,63,61,96.8
RG4,"NHS Buckinghamshire, Oxfordshire and Berkshire West ICB",3,93,90,96.8
S74,NHS South Yorkshire ICB,2,63,61,96.8
YO61,NHS Humber and North Yorkshire ICB,2,31,30,96.8
BA2,"NHS Bath and North East Somerset, Swindon and Wiltshire ICB",8,163,158,96.9
BN26,NHS Sussex ICB,2,32,31,96.9
IP13,NHS Suffolk and North East Essex ICB,2,32,31,96.9
NE23,NHS North East and North Cumbria ICB,4,65,63,96.9
WF8,NHS West Yorkshire ICB,3,98,95,96.9
DH6,NHS North East and North Cumbria ICB,5,100,97,97.0
NN15,NHS Northamptonshire ICB,3,99,96,97.0
OL3,NHS Greater Manchester ICB,1,33,32,97.0
S66,NHS South Yorkshire ICB,6,100,97,97.0
TS14,NHS North East and North Cumbria ICB,2,33,32,97.0
BN10,NHS Sussex ICB,1,35,34,97.1
CH64,NHS Cheshire and Merseyside ICB,3,35,34,97.1
IP14,NHS Suffolk and North East Essex ICB,4,103,100,97.1
PO30,NHS Hampshire and Isle of Wight ICB,2,68,66,97.1
RG17,"NHS Buckinghamshire, Oxfordshire and Berkshire West ICB",3,35,34,97.1
RG42,NHS Frimley ICB,1,34,33,97.1
SP4,Multiple regions,4,68,66,97.1
NE7,NHS North East and North Cumbria ICB,2,36,35,97.2
NR17,NHS Norfolk and Waveney ICB,1,36,35,97.2
NR28,NHS Norfolk and Waveney ICB,2,36,35,97.2
SO45,NHS Hampshire and Isle of Wight ICB,3,71,69,97.2
WV13,NHS Black Country ICB,4,71,69,97.2
CH66,NHS Cheshire and Merseyside ICB,2,75,73,97.3
NE12,NHS North East and North Cumbria ICB,4,74,72,97.3
SK10,NHS Cheshire and Merseyside ICB,1,73,71,97.3
WS4,NHS Black Country ICB,1,37,36,97.3
WV8,NHS Staffordshire and Stoke-on-Trent ICB,2,37,36,97.3
CA28,NHS North East and North Cumbria ICB,2,39,38,97.4
CM21,NHS Hertfordshire and West Essex ICB,1,39,38,97.4
NE16,NHS North East and North Cumbria ICB,2,39,38,97.4
NE25,NHS North East and North Cumbria ICB,3,39,38,97.4
SY12,"NHS Shropshire, Telford and Wrekin ICB",1,39,38,97.4
YO42,NHS Humber and North Yorkshire ICB,1,38,37,97.4
DY10,NHS Herefordshire and Worcestershire ICB,3,80,78,97.5
IP12,NHS Suffolk and North East Essex ICB,3,40,39,97.5
KT17,NHS Surrey Heartlands ICB,3,121,118,97.5
MK4,"NHS Bedfordshire, Luton and Milton Keynes ICB",1,40,39,97.5
S45,NHS Derby and Derbyshire ICB,3,40,39,97.5
SK23,NHS Derby and Derbyshire ICB,2,40,39,97.5
SO40,NHS Hampshire and Isle of Wight ICB,2,80,78,97.5
BA12,"NHS Bath and North East Somerset, Swindon and Wiltshire ICB",2,41,40,97.6
BS40,Multiple regions,3,123,120,97.6
CA11,NHS North East and North Cumbria ICB,2,41,40,97.6
CO3,NHS Suffolk and North East Essex ICB,3,83,81,97.6
NR20,NHS Norfolk and Waveney ICB,2,42,41,97.6
S10,NHS South Yorkshire ICB,3,42,41,97.6
GU24,Multiple regions,3,44,43,97.7
KT10,NHS Surrey Heartlands ICB,3,43,42,97.7
YO7,NHS Humber and North Yorkshire ICB,3,43,42,97.7
BS8,"NHS Bristol, North Somerset and South Gloucestershire ICB",2,45,44,97.8
BS9,"NHS Bristol, North Somerset and South Gloucestershire ICB",2,46,45,97.8
DL9,Multiple regions,2,45,44,97.8
PL19,NHS Devon ICB,2,46,45,97.8
SG6,NHS Hertfordshire and West Essex ICB,3,89,87,97.8
SO21,NHS Hampshire and Isle of Wight ICB,2,45,44,97.8
WS11,NHS Staffordshire and Stoke-on-Trent ICB,8,93,91,97.8
AL8,NHS Hertfordshire and West Essex ICB,1,47,46,97.9
GL12,NHS Gloucestershire ICB,2,48,47,97.9
NE22,NHS North East and North Cumbria ICB,2,48,47,97.9
YO1,NHS Humber and North Yorkshire ICB,1,47,46,97.9
CA7,NHS North East and North Cumbria ICB,3,49,48,98.0
GU27,NHS Surrey Heartlands ICB,1,51,50,98.0
S18,NHS Derby and Derbyshire ICB,3,50,49,98.0
SK2,NHS Greater Manchester ICB,2,51,50,98.0
TS12,NHS North East and North Cumbria ICB,3,50,49,98.0
MK18,"NHS Buckinghamshire, Oxfordshire and Berkshire West ICB",1,54,53,98.1
NE10,NHS North East and North Cumbria ICB,4,52,51,98.1
DN12,NHS South Yorkshire ICB,4,56,55,98.2
CV47,NHS Coventry and Warwickshire ICB,3,58,57,98.3
GU35,NHS Hampshire and Isle of Wight ICB,2,59,58,98.3
S11,NHS South Yorkshire ICB,7,116,114,98.3
SN10,"NHS Bath and North East Somerset, Swindon and Wiltshire ICB",4,60,59,98.3
HR6,NHS Herefordshire and Worcestershire ICB,2,62,61,98.4
S21,NHS Derby and Derbyshire ICB,3,64,63,98.4
WF4,NHS West Yorkshire ICB,3,64,63,98.4
BD19,NHS West Yorkshire ICB,3,65,64,98.5
MK16,"NHS Bedfordshire, Luton and Milton Keynes ICB",1,68,67,98.5
BS20,"NHS Bristol, North Somerset and South Gloucestershire ICB",3,72,71,98.6
DN34,NHS Humber and North Yorkshire ICB,4,70,69,98.6
TN9,NHS Kent and Medway ICB,2,70,69,98.6
TS23,NHS North East and North Cumbria ICB,4,78,77,98.7
CW12,NHS Cheshire and Merseyside ICB,3,92,91,98.9
B50,NHS Coventry and Warwickshire ICB,1,25,25,100.0
B74,NHS Black Country ICB,1,8,8,100.0
B96,NHS Herefordshire and Worcestershire ICB,1,7,7,100.0
BA16,NHS Somerset ICB,1,17,17,100.0
BD16,NHS West Yorkshire ICB,3,36,36,100.0
BD17,NHS West Yorkshire ICB,1,21,21,100.0
BD24,NHS West Yorkshire ICB,1,18,18,100.0
BH22,NHS Dorset ICB,4,38,38,100.0
BH25,NHS Hampshire and Isle of Wight ICB,1,48,48,100.0
BL7,NHS Greater Manchester ICB,2,24,24,100.0
BN23,NHS Sussex ICB,1,13,13,100.0
BS21,"NHS Bristol, North Somerset and South Gloucestershire ICB",1,27,27,100.0
BS26,NHS Somerset ICB,1,16,16,100.0
CA15,NHS North East and North Cumbria ICB,1,30,30,100.0
CA20,NHS North East and North Cumbria ICB,1,8,8,100.0
CA4,NHS North East and North Cumbria ICB,1,8,8,100.0
CH3,NHS Cheshire and Merseyside ICB,2,25,25,100.0
CH47,NHS Cheshire and Merseyside ICB,1,10,10,100.0
CO13,NHS Suffolk and North East Essex ICB,1,14,14,100.0
CO16,NHS Suffolk and North East Essex ICB,1,11,11,100.0
CT15,NHS Kent and Medway ICB,1,11,11,100.0
CT18,NHS Kent and Medway ICB,2,15,15,100.0
CV33,NHS Coventry and Warwickshire ICB,1,9,9,100.0
DA4,NHS Kent and Medway ICB,1,22,22,100.0
DA5,NHS South East London ICB,1,8,8,100.0
DE73,NHS Derby and Derbyshire ICB,1,32,32,100.0
DE74,Multiple regions,2,30,30,100.0
DL12,NHS North East and North Cumbria ICB,1,26,26,100.0
DL13,NHS North East and North Cumbria ICB,3,28,28,100.0
DN10,NHS South Yorkshire ICB,1,8,8,100.0
DN36,NHS Lincolnshire ICB,1,15,15,100.0
DN41,NHS Humber and North Yorkshire ICB,1,5,5,100.0
DN9,NHS Humber and North Yorkshire ICB,1,16,16,100.0
DT2,NHS Dorset ICB,1,5,5,100.0
DY12,NHS Herefordshire and Worcestershire ICB,1,16,16,100.0
EX20,NHS Devon ICB,1,25,25,100.0
EX34,NHS Devon ICB,1,14,14,100.0
EX38,NHS Devon ICB,2,25,25,100.0
EX6,NHS Devon ICB,2,26,26,100.0
EX9,NHS Devon ICB,1,12,12,100.0
GL19,NHS Gloucestershire ICB,1,16,16,100.0
GL4,NHS Gloucestershire ICB,1,41,41,100.0
GL55,NHS Gloucestershire ICB,1,9,9,100.0
GU18,NHS Frimley ICB,1,33,33,100.0
GU19,NHS Frimley ICB,1,13,13,100.0
HG3,NHS Humber and North Yorkshire ICB,1,20,20,100.0
HP1,NHS Hertfordshire and West Essex ICB,1,42,42,100.0
HP15,"NHS Buckinghamshire, Oxfordshire and Berkshire West ICB",1,10,10,100.0
HP16,"NHS Buckinghamshire, Oxfordshire and Berkshire West ICB",2,11,11,100.0
HP27,"NHS Buckinghamshire, Oxfordshire and Berkshire West ICB",2,79,79,100.0
HP4,NHS Hertfordshire and West Essex ICB,2,33,33,100.0
HP6,"NHS Buckinghamshire, Oxfordshire and Berkshire West ICB",1,34,34,100.0
HR7,NHS Herefordshire and Worcestershire ICB,1,14,14,100.0
HU10,NHS Humber and North Yorkshire ICB,1,10,10,100.0
HU11,NHS Humber and North Yorkshire ICB,1,10,10,100.0
HU13,NHS Humber and North Yorkshire ICB,1,6,6,100.0
HU14,NHS Humber and North Yorkshire ICB,1,5,5,100.0
HU18,NHS Humber and North Yorkshire ICB,1,14,14,100.0
HU4,NHS Humber and North Yorkshire ICB,1,15,15,100.0
HX7,NHS West Yorkshire ICB,1,30,30,100.0
IP19,NHS Norfolk and Waveney ICB,1,23,23,100.0
IP23,NHS Suffolk and North East Essex ICB,1,12,12,100.0
IP6,NHS Suffolk and North East Essex ICB,1,24,24,100.0
IP7,NHS Suffolk and North East Essex ICB,2,40,40,100.0
IP9,NHS Suffolk and North East Essex ICB,1,9,9,100.0
KT24,NHS Surrey Heartlands ICB,1,16,16,100.0
KT5,NHS South West London ICB,1,5,5,100.0
KT7,NHS Surrey Heartlands ICB,1,9,9,100.0
LA11,NHS Lancashire and South Cumbria ICB,1,8,8,100.0
LA22,NHS Lancashire and South Cumbria ICB,1,6,6,100.0
LA6,NHS Lancashire and South Cumbria ICB,1,5,5,100.0
LA7,NHS Lancashire and South Cumbria ICB,1,11,11,100.0
M38,NHS Greater Manchester ICB,1,14,14,100.0
MK46,"NHS Bedfordshire, Luton and Milton Keynes ICB",1,18,18,100.0
NE13,NHS North East and North Cumbria ICB,2,33,33,100.0
NE27,NHS North East and North Cumbria ICB,1,25,25,100.0
NE31,NHS North East and North Cumbria ICB,3,51,51,100.0
NE37,NHS North East and North Cumbria ICB,3,44,44,100.0
NE43,NHS North East and North Cumbria ICB,1,9,9,100.0
NE46,NHS North East and North Cumbria ICB,3,33,33,100.0
NE49,NHS North East and North Cumbria ICB,1,10,10,100.0
NE62,NHS North East and North Cumbria ICB,1,12,12,100.0
NE63,NHS North East and North Cumbria ICB,1,40,40,100.0
NE70,NHS North East and North Cumbria ICB,1,6,6,100.0
NG33,NHS Lincolnshire ICB,3,33,33,100.0
NN29,NHS Northamptonshire ICB,1,6,6,100.0
NR16,NHS Norfolk and Waveney ICB,1,16,16,100.0
NR34,NHS Norfolk and Waveney ICB,1,32,32,100.0
OX49,"NHS Buckinghamshire, Oxfordshire and Berkshire West ICB",1,19,19,100.0
PE10,NHS Lincolnshire ICB,2,56,56,100.0
PE32,NHS Norfolk and Waveney ICB,3,24,24,100.0
PL13,NHS Cornwall and the Isles of Scilly ICB,1,15,15,100.0
PL21,NHS Devon ICB,1,9,9,100.0
PL35,NHS Cornwall and the Isles of Scilly ICB,1,7,7,100.0
PL8,NHS Devon ICB,1,5,5,100.0
PO32,NHS Hampshire and Isle of Wight ICB,1,22,22,100.0
PR6,NHS Lancashire and South Cumbria ICB,5,72,72,100.0
RG19,"NHS Buckinghamshire, Oxfordshire and Berkshire West ICB",1,25,25,100.0
RG41,"NHS Buckinghamshire, Oxfordshire and Berkshire West ICB",1,39,39,100.0
RH2,NHS Surrey Heartlands ICB,1,59,59,100.0
RH5,NHS Surrey Heartlands ICB,1,9,9,100.0
RH9,NHS Surrey Heartlands ICB,1,7,7,100.0
S33,NHS Derby and Derbyshire ICB,1,14,14,100.0
SG16,"NHS Bedfordshire, Luton and Milton Keynes ICB",1,23,23,100.0
SG4,NHS Hertfordshire and West Essex ICB,1,40,40,100.0
SK1,NHS Greater Manchester ICB,1,7,7,100.0
SL0,"NHS Buckinghamshire, Oxfordshire and Berkshire West ICB",1,20,20,100.0
SO23,NHS Hampshire and Isle of Wight ICB,1,22,22,100.0
SO42,NHS Hampshire and Isle of Wight ICB,1,11,11,100.0
SO43,NHS Hampshire and Isle of Wight ICB,1,9,9,100.0
SP3,"NHS Bath and North East Somerset, Swindon and Wiltshire ICB",1,9,9,100.0
SR1,NHS North East and North Cumbria ICB,3,35,35,100.0
ST20,NHS Staffordshire and Stoke-on-Trent ICB,1,9,9,100.0
ST21,NHS Staffordshire and Stoke-on-Trent ICB,1,14,14,100.0
ST9,NHS Staffordshire and Stoke-on-Trent ICB,2,15,15,100.0
SY14,NHS Cheshire and Merseyside ICB,1,13,13,100.0
SY5,"NHS Shropshire, Telford and Wrekin ICB",2,26,26,100.0
SY9,"NHS Shropshire, Telford and Wrekin ICB",1,12,12,100.0
TA14,NHS Somerset ICB,1,8,8,100.0
TA18,NHS Somerset ICB,1,18,18,100.0
TA5,NHS Somerset ICB,1,11,11,100.0
TA9,NHS Somerset ICB,1,5,5,100.0
TD15,NHS North East and North Cumbria ICB,2,17,17,100.0
TF4,"NHS Shropshire, Telford and Wrekin ICB",1,16,16,100.0
TF5,"NHS Shropshire, Telford and Wrekin ICB",1,37,37,100.0
TN20,NHS Sussex ICB,1,6,6,100.0
TN23,NHS Kent and Medway ICB,1,29,29,100.0
TN29,NHS Kent and Medway ICB,1,6,6,100.0
TQ11,NHS Devon ICB,1,11,11,100.0
TQ5,NHS Devon ICB,1,23,23,100.0
TQ6,NHS Devon ICB,1,9,9,100.0
TQ8,NHS Devon ICB,1,14,14,100.0
TR17,NHS Cornwall and the Isles of Scilly ICB,1,14,14,100.0
TR27,NHS Cornwall and the Isles of Scilly ICB,1,19,19,100.0
TR3,NHS Cornwall and the Isles of Scilly ICB,1,7,7,100.0
TR4,NHS Cornwall and the Isles of Scilly ICB,1,17,17,100.0
TS11,NHS North East and North Cumbria ICB,1,5,5,100.0
TS21,NHS North East and North Cumbria ICB,2,66,66,100.0
WA15,NHS Greater Manchester ICB,4,57,57,100.0
WC1B,NHS North Central London ICB,1,5,5,100.0
WF15,NHS West Yorkshire ICB,1,15,15,100.0
WR12,NHS Herefordshire and Worcestershire ICB,1,10,10,100.0
WR13,NHS Herefordshire and Worcestershire ICB,1,8,8,100.0
WR15,NHS Herefordshire and Worcestershire ICB,1,16,16,100.0
WR3,NHS Herefordshire and Worcestershire ICB,1,14,14,100.0
WR7,NHS Herefordshire and Worcestershire ICB,1,6,6,100.0
WS8,NHS Black Country ICB,3,23,23,100.0
WV16,"NHS Shropshire, Telford and Wrekin ICB",1,33,33,100.0
YO13,NHS Humber and North Yorkshire ICB,1,21,21,100.0
